item_id,order_id,product_id,quantity,unit_price,discount_percent
I000001,O00001,P0403,3,55611.03,2.95
I000002,O00002,P0185,1,32852.36,10.01
I000003,O00003,P0129,3,44763.64,23.05
I000004,O00003,P0433,3,11600.42,18.12
I000005,O00003,P0071,5,54760.48,0.26
I000006,O00004,P0145,3,47031.07,12.11
I000007,O00004,P0208,5,45516.8,0.36
I000008,O00004,P0335,5,59358.62,28.54
I000009,O00005,P0117,2,43455.49,6.3
I000010,O00005,P0120,5,35302.82,16.58
I000011,O00005,P0240,4,20571.44,2.58
I000012,O00005,P0434,2,25841.82,28.26
I000013,O00006,P0108,4,27108.32,16.75
I000014,O00006,P0192,2,34735.01,3.85
I000015,O00006,P0483,1,30088.05,19.77
I000016,O00006,P0182,3,13684.34,12.77
I000017,O00007,P0391,5,18118.31,17.61
I000018,O00007,P0291,-1,55344.22,4.61
I000019,O00007,P0488,3,34177.81,23.97
I000020,O00007,P0468,5,34517.95,11.73
I000021,O00008,P0105,4,4009.81,11.59
I000022,O00008,P0244,-1,19864.71,28.86
I000023,O00008,P0328,3,5775.84,3.13
I000024,O00008,P0284,2,2117.14,20.67
I000025,O00009,P0014,2,12100.12,27.34
I000026,O00009,P0198,3,12512.36,8.73
I000027,O00009,P0269,-1,27388.89,11.06
I000028,O00009,P0006,2,19740.97,27.29
I000029,O00010,P0081,1,7922.43,12.55
I000030,O00010,P0381,1,23461.78,27.11
I000031,O00010,P0106,2,52252.85,9.29
I000032,O00010,P0419,4,9695.12,17.25
I000033,O00011,P0301,2,30248.01,20.55
I000034,O00011,P0142,2,645.11,4.28
I000035,O00011,P0033,4,36369.95,7.41
I000036,O00012,P0467,5,52778.52,13.81
I000037,O00012,P0295,1,44289.98,8.64
I000038,O00012,P0452,4,20937.55,25.28
I000039,O00013,P0201,5,49441.09,25.5
I000040,O00013,P0213,2,10938.77,18.53
I000041,O00013,P0222,4,23202.97,19.77
I000042,O00014,P0202,1,14533.78,26.12
I000043,O00015,P0452,5,17655.0,27.49
I000044,O00015,P0358,2,54542.44,12.34
I000045,O00015,P0391,5,7449.59,11.06
I000046,O00016,P0259,3,24723.74,4.95
I000047,O00017,P0260,1,27837.62,2.2
I000048,O00017,P0356,4,22993.1,22.38
I000049,O00018,P0204,1,842.09,3.44
I000050,O00018,P0470,2,19761.2,22.46
I000051,O00019,P0237,1,5136.41,19.71
I000052,O00019,P0366,4,8587.29,24.61
I000053,O00019,P0431,2,10401.23,0.54
I000054,O00019,P0052,2,17789.85,16.04
I000055,O00020,P0087,-1,40349.25,0.34
I000056,O00020,P0140,2,26551.35,5.34
I000057,O00020,P0366,1,53582.72,15.97
I000058,O00020,P0227,1,50222.77,24.35
I000059,O00021,P0200,3,26750.4,17.95
I000060,O00022,P0396,4,46073.43,27.86
I000061,O00023,P0466,-2,12159.14,0.48
I000062,O00023,P0015,1,20359.58,5.76
I000063,O00023,P0343,1,13389.96,26.47
I000064,O00024,P0371,2,2831.95,15.38
I000065,O00024,P0418,3,19496.24,18.8
I000066,O00025,P0479,5,23824.82,12.84
I000067,O00025,P0119,2,6531.94,9.7
I000068,O00026,P0206,3,916.49,6.38
I000069,O00027,P0034,3,39066.71,11.07
I000070,O00027,P0035,2,24783.59,23.03
I000071,O00028,P0053,5,47517.33,27.67
I000072,O00028,P0292,-2,15266.02,2.84
I000073,O00028,P0167,4,40738.45,29.17
I000074,O00028,P0356,2,20056.38,19.06
I000075,O00029,P0436,4,4237.31,0.53
I000076,O00029,P0467,5,27044.91,15.33
I000077,O00029,P0380,2,30304.52,21.14
I000078,O00030,P0120,1,37057.65,26.9
I000079,O00031,P0122,4,45483.3,18.59
I000080,O00031,P0031,2,22596.51,8.9
I000081,O00031,P0078,-4,12422.24,1.14
I000082,O00032,P0379,3,8229.17,9.53
I000083,O00032,P0403,1,31348.2,29.33
I000084,O00032,P0332,3,45082.94,6.87
I000085,O00032,P0376,3,20695.16,6.17
I000086,O00033,P0465,2,48126.82,20.89
I000087,O00034,P0312,4,31384.02,5.51
I000088,O00034,P0323,1,4064.09,14.75
I000089,O00035,P0027,2,56308.82,3.77
I000090,O00035,P0089,5,33021.06,23.86
I000091,O00036,P0121,5,4874.24,21.75
I000092,O00036,P0160,2,43356.09,7.35
I000093,O00037,P0311,2,18325.42,17.29
I000094,O00037,P0496,2,16457.27,23.44
I000095,O00038,P0487,3,24015.02,5.03
I000096,O00039,P0217,5,36641.77,13.0
I000097,O00039,P0080,4,1384.7,11.44
I000098,O00039,P0438,1,45579.73,27.65
I000099,O00039,P0305,5,9337.36,21.8
I000100,O00040,P0195,4,18489.67,8.5
I000101,O00040,P0288,5,28954.49,10.0
I000102,O00040,P0367,4,11903.8,27.48
I000103,O00041,P0007,5,43876.04,11.23
I000104,O00042,P0474,4,56429.04,29.11
I000105,O00042,P0192,4,29475.16,19.23
I000106,O00042,P0302,1,24645.5,1.16
I000107,O00042,P0472,1,23212.6,16.97
I000108,O00043,P0391,4,57434.39,23.14
I000109,O00043,P0385,3,30674.58,14.66
I000110,O00044,P0357,1,39124.2,27.8
I000111,O00044,P0377,2,14692.7,1.04
I000112,O00044,P0417,3,37930.97,20.29
I000113,O00045,P0134,5,27437.15,20.43
I000114,O00045,P0131,2,36208.53,28.55
I000115,O00046,P0007,1,46304.14,19.33
I000116,O00046,P0470,4,23980.48,17.58
I000117,O00047,P0266,2,52585.17,4.97
I000118,O00048,P0130,3,30138.68,16.0
I000119,O00048,P0454,4,35247.57,22.02
I000120,O00048,P0386,1,6734.59,17.18
I000121,O00048,P0409,3,48890.84,8.07
I000122,O00049,P0477,4,42000.74,0.19
I000123,O00049,P0087,4,294.4,2.1
I000124,O00050,P0269,4,39340.37,21.99
I000125,O00050,P0088,2,22604.15,21.12
I000126,O00050,P0102,4,11082.66,28.45
I000127,O00050,P0231,5,48899.35,5.57
I000128,O00051,P0384,2,48588.88,5.76
I000129,O00052,P0226,5,6729.89,19.09
I000130,O00052,P0041,3,5325.28,3.74
I000131,O00052,P0033,3,1974.07,7.04
I000132,O00052,P0249,1,768.49,7.98
I000133,O00053,P0341,5,47394.59,1.26
I000134,O00054,P0268,1,22664.82,15.6
I000135,O00054,P0493,3,55941.28,14.2
I000136,O00055,P0310,4,20325.7,20.46
I000137,O00055,P0176,3,49047.46,28.23
I000138,O00055,P0341,4,22830.45,1.72
I000139,O00056,P0448,3,48414.96,0.09
I000140,O00056,P0446,4,43568.17,26.64
I000141,O00056,P0072,1,36194.17,26.07
I000142,O00057,P0487,2,22232.11,18.55
I000143,O00057,P0338,4,30991.86,19.81
I000144,O00057,P0002,3,1194.49,10.81
I000145,O00058,P0497,3,40740.18,7.01
I000146,O00059,P0205,5,47678.83,10.45
I000147,O00059,P0481,4,59214.91,25.71
I000148,O00059,P0464,1,44109.81,8.82
I000149,O00059,P0100,2,52217.55,26.29
I000150,O00060,P0066,4,47849.88,9.04
I000151,O00061,P0087,4,57312.06,14.47
I000152,O00061,P0277,2,14752.69,5.11
I000153,O00061,P0484,1,6507.09,29.8
I000154,O00061,P0015,2,55754.41,9.8
I000155,O00062,P0393,3,13378.49,7.73
I000156,O00062,P0244,1,39995.49,27.68
I000157,O00062,P0325,4,5608.42,20.75
I000158,O00062,P0447,-2,55920.44,22.99
I000159,O00063,P0330,3,22745.22,21.52
I000160,O00064,P0335,5,57981.63,13.11
I000161,O00064,P0120,2,15693.82,8.73
I000162,O00064,P0058,1,20546.22,17.77
I000163,O00064,P0097,1,34455.77,3.82
I000164,O00065,P0489,4,34699.63,0.05
I000165,O00065,P0032,5,32229.06,25.41
I000166,O00065,P0217,3,46322.6,23.93
I000167,O00066,P0267,5,35528.4,3.2
I000168,O00066,P0005,5,51171.25,9.48
I000169,O00067,P0429,2,30089.99,13.67
I000170,O00067,P0308,3,8923.07,19.96
I000171,O00067,P0411,1,36013.04,9.27
I000172,O00068,P0141,-5,28801.31,24.86
I000173,O00069,P0150,4,3716.99,24.31
I000174,O00069,P0079,2,50914.58,28.03
I000175,O00069,P0116,1,55404.84,23.28
I000176,O00069,P0439,4,43698.25,8.97
I000177,O00070,P0012,5,23658.68,12.67
I000178,O00070,P0243,3,45511.31,11.73
I000179,O00071,P0145,2,42126.3,16.44
I000180,O00071,P0050,2,19540.43,23.74
I000181,O00071,P0444,1,51018.62,21.29
I000182,O00072,P0336,2,34714.01,13.26
I000183,O00072,P0248,3,53853.64,6.29
I000184,O00072,P0412,2,44172.07,0.27
I000185,O00072,P0372,5,6296.48,23.56
I000186,O00073,P0193,4,40830.83,5.05
I000187,O00073,P0029,1,21463.91,14.22
I000188,O00074,P0061,5,39075.85,17.8
I000189,O00075,P0322,4,14851.06,3.56
I000190,O00075,P0204,4,18300.84,17.88
I000191,O00076,P0335,4,46595.82,29.73
I000192,O00076,P0344,1,46708.3,25.95
I000193,O00077,P0141,4,22165.92,3.6
I000194,O00077,P0043,1,29455.26,20.06
I000195,O00077,P0261,2,1577.0,17.19
I000196,O00077,P0294,-4,16568.74,22.36
I000197,O00078,P0197,4,59997.26,21.08
I000198,O00078,P0153,5,7689.14,9.76
I000199,O00079,P0208,1,23749.03,24.52
I000200,O00079,P0402,5,29416.08,15.57
I000201,O00080,P0386,2,57947.73,26.93
I000202,O00081,P0442,5,41773.91,0.16
I000203,O00081,P0229,3,7558.11,3.86
I000204,O00082,P0335,2,5451.69,7.7
I000205,O00082,P0386,1,5259.7,3.74
I000206,O00083,P0187,5,10461.87,29.31
I000207,O00083,P0337,1,15050.56,1.38
I000208,O00083,P0485,5,54296.25,8.8
I000209,O00084,P0072,5,29528.48,9.39
I000210,O00084,P0467,3,36449.09,15.32
I000211,O00084,P0353,1,39824.5,1.34
I000212,O00084,P0019,2,8671.71,25.68
I000213,O00085,P0491,2,36208.23,6.48
I000214,O00085,P0184,3,7883.83,18.67
I000215,O00086,P0282,3,15788.33,19.49
I000216,O00087,P0205,4,5178.59,7.63
I000217,O00087,P0218,2,32247.08,2.12
I000218,O00088,P0325,2,42923.81,16.91
I000219,O00088,P0332,-5,36375.69,12.59
I000220,O00088,P0079,3,59548.45,13.01
I000221,O00089,P0494,5,15000.36,8.1
I000222,O00090,P0351,5,24525.52,9.88
I000223,O00091,P0186,3,46728.64,4.39
I000224,O00092,P0141,1,6057.22,29.38
I000225,O00092,P0114,4,57116.62,23.48
I000226,O00093,P0090,5,43753.98,9.2
I000227,O00094,P0049,5,21064.23,17.16
I000228,O00094,P0145,5,16409.03,2.97
I000229,O00094,P0025,2,19216.18,22.56
I000230,O00094,P0093,-3,48403.88,20.33
I000231,O00095,P0245,5,7828.82,0.28
I000232,O00095,P0263,2,39522.26,4.28
I000233,O00095,P0291,3,3361.3,21.76
I000234,O00095,P0499,3,42508.64,7.47
I000235,O00096,P0362,4,11149.65,29.59
I000236,O00096,P0409,4,30233.31,8.27
I000237,O00096,P0220,5,56512.29,26.44
I000238,O00096,P0417,2,18450.21,25.74
I000239,O00097,P0209,3,50745.69,19.04
I000240,O00097,P0040,2,56703.04,4.95
I000241,O00097,P0030,1,44655.89,16.62
I000242,O00098,P0414,1,57737.55,12.72
I000243,O00098,P0261,2,28883.43,15.45
I000244,O00098,P0347,5,41933.34,12.16
I000245,O00098,P0316,2,54671.01,22.38
I000246,O00099,P0360,5,45030.14,7.33
I000247,O00099,P0379,5,41107.87,1.27
I000248,O00099,P0230,2,40536.43,26.46
I000249,O00099,P0269,2,10653.89,11.01
I000250,O00100,P0264,3,57158.52,12.68
I000251,O00100,P0195,2,22522.37,3.4
I000252,O00101,P0426,5,51076.47,25.73
I000253,O00101,P0149,3,29090.86,7.94
I000254,O00102,P0378,5,23738.56,27.69
I000255,O00103,P0479,4,53571.14,25.45
I000256,O00104,P0183,1,37008.71,9.86
I000257,O00105,P0055,1,21113.36,21.67
I000258,O00105,P0206,3,730.05,12.92
I000259,O00105,P0102,1,31839.97,26.96
I000260,O00106,P0064,4,613.25,23.08
I000261,O00106,P0129,2,28347.78,11.23
I000262,O00106,P0187,-4,53553.16,16.09
I000263,O00106,P0138,1,59364.28,19.69
I000264,O00107,P0083,2,21353.52,13.02
I000265,O00107,P0184,2,6817.81,8.55
I000266,O00107,P0069,4,25379.14,9.94
I000267,O00107,P0017,2,40039.05,28.45
I000268,O00108,P0061,4,29446.26,14.87
I000269,O00108,P0350,2,19628.28,22.93
I000270,O00108,P0452,4,30211.14,27.71
I000271,O00109,P0068,1,57469.18,23.78
I000272,O00109,P0065,2,20778.41,0.41
I000273,O00109,P0351,2,3311.98,24.9
I000274,O00109,P0220,5,44298.41,13.03
I000275,O00110,P0145,4,5140.37,12.87
I000276,O00110,P0317,2,43809.06,5.61
I000277,O00110,P0144,1,51877.17,29.83
I000278,O00111,P0342,4,12065.07,21.19
I000279,O00111,P0415,1,42128.47,15.07
I000280,O00112,P0097,5,37808.69,4.46
I000281,O00112,P0062,2,24196.73,8.22
I000282,O00113,P0476,2,25692.92,18.49
I000283,O00113,P0047,1,22945.09,15.75
I000284,O00114,P0114,3,25679.34,1.84
I000285,O00114,P0219,1,18396.54,8.08
I000286,O00115,P0483,3,42752.82,7.41
I000287,O00115,P0459,1,11068.75,0.02
I000288,O00115,P0339,3,12876.26,14.16
I000289,O00116,P0221,2,15285.33,14.74
I000290,O00117,P0156,1,5993.86,0.41
I000291,O00117,P0283,2,20006.46,22.24
I000292,O00117,P0186,5,31825.95,11.15
I000293,O00118,P0108,5,23166.15,26.62
I000294,O00118,P0067,5,7397.19,17.6
I000295,O00118,P0468,2,11737.06,13.37
I000296,O00119,P0039,5,37216.82,9.04
I000297,O00120,P0390,2,32106.74,4.61
I000298,O00120,P0066,2,25209.11,21.35
I000299,O00120,P0457,5,58512.54,26.85
I000300,O00120,P0230,1,54668.78,2.03
I000301,O00121,P0269,5,47494.93,5.01
I000302,O00121,P0141,2,17521.45,28.67
I000303,O00121,P0032,2,44494.77,11.92
I000304,O00121,P0351,5,52241.29,29.15
I000305,O00122,P0225,5,23172.2,23.38
I000306,O00122,P0206,5,16435.35,5.52
I000307,O00123,P0293,2,35608.34,0.27
I000308,O00123,P0476,5,27435.37,21.23
I000309,O00124,P0156,2,17922.55,8.06
I000310,O00124,P0061,2,13590.98,16.01
I000311,O00124,P0150,1,38449.0,28.26
I000312,O00125,P0475,2,16372.0,23.72
I000313,O00125,P0329,2,59374.27,6.3
I000314,O00125,P0060,1,38989.0,18.98
I000315,O00126,P0167,1,56796.38,26.52
I000316,O00126,P0136,2,24618.9,18.34
I000317,O00126,P0167,1,37632.13,0.31
I000318,O00127,P0113,3,10768.77,29.15
I000319,O00127,P0276,5,6565.28,22.37
I000320,O00127,P0196,3,52227.54,19.03
I000321,O00128,P0419,4,13394.21,8.06
I000322,O00128,P0298,4,9507.36,6.95
I000323,O00129,P0189,2,54149.65,2.81
I000324,O00129,P0093,4,11264.68,25.87
I000325,O00129,P0097,5,29533.0,21.88
I000326,O00129,P0332,3,1458.63,4.89
I000327,O00130,P0419,4,41304.54,5.64
I000328,O00130,P0074,1,25698.42,13.65
I000329,O00131,P0052,5,8410.02,22.51
I000330,O00131,P0007,5,6163.85,11.52
I000331,O00131,P0057,1,45854.06,19.33
I000332,O00131,P0023,2,15050.91,2.51
I000333,O00132,P0481,5,1007.11,28.99
I000334,O00132,P0491,1,32633.74,24.55
I000335,O00133,P0104,2,28929.44,16.89
I000336,O00134,P0418,2,18581.62,14.37
I000337,O00134,P0125,1,32702.88,8.02
I000338,O00134,P0279,1,1468.23,1.34
I000339,O00134,P0279,3,6333.45,26.59
I000340,O00135,P0073,1,54747.58,0.72
I000341,O00135,P0219,4,9013.12,19.66
I000342,O00135,P0116,4,41268.62,21.45
I000343,O00135,P0462,1,29610.87,29.72
I000344,O00136,P0053,3,21567.01,18.47
I000345,O00136,P0061,3,55414.51,27.6
I000346,O00137,P0310,2,10848.45,15.91
I000347,O00138,P0348,4,9183.16,20.02
I000348,O00138,P0155,5,49090.24,10.45
I000349,O00139,P0139,4,39771.56,27.99
I000350,O00140,P0404,1,51730.5,29.34
I000351,O00141,P0164,2,23557.85,21.64
I000352,O00141,P0403,4,48916.06,3.39
I000353,O00142,P0492,3,8851.14,9.69
I000354,O00142,P0066,2,46098.62,10.58
I000355,O00142,P0254,4,28981.06,29.19
I000356,O00142,P0309,3,8465.63,28.32
I000357,O00143,P0197,4,33050.49,16.16
I000358,O00143,P0253,5,32265.51,6.9
I000359,O00144,P0298,4,31711.37,23.3
I000360,O00145,P0360,1,14264.55,0.09
I000361,O00145,P0436,1,21871.43,14.22
I000362,O00146,P0472,1,3762.73,10.48
I000363,O00146,P0435,2,17822.9,4.32
I000364,O00147,P0125,2,49703.74,1.68
I000365,O00147,P0071,1,57730.71,21.12
I000366,O00147,P0194,1,41828.13,12.74
I000367,O00147,P0028,1,39832.29,2.21
I000368,O00148,P0016,2,22041.6,2.37
I000369,O00148,P0040,1,34237.15,24.41
I000370,O00149,P0392,2,28291.93,4.2
I000371,O00149,P0271,3,28317.03,21.68
I000372,O00150,P0401,1,17348.79,4.68
I000373,O00150,P0452,1,36329.58,5.21
I000374,O00150,P0083,1,23904.16,12.71
I000375,O00150,P0486,4,33338.52,24.89
I000376,O00151,P0364,2,25535.48,4.7
I000377,O00151,P0499,1,31385.76,29.34
I000378,O00151,P0065,2,24144.06,1.68
I000379,O00152,P0095,-5,36383.99,2.32
I000380,O00152,P0355,4,28749.49,19.58
I000381,O00152,P0208,4,10056.5,24.1
I000382,O00152,P0332,4,11844.89,3.25
I000383,O00153,P0186,5,46772.08,10.06
I000384,O00154,P0145,2,32585.76,1.96
I000385,O00154,P0306,1,45439.98,9.27
I000386,O00155,P0327,1,14572.04,2.55
I000387,O00155,P0292,5,2883.5,29.59
I000388,O00156,P0024,1,19011.9,28.31
I000389,O00156,P0005,3,45150.43,28.76
I000390,O00156,P0257,2,19005.45,11.72
I000391,O00156,P0183,2,42218.88,2.92
I000392,O00157,P0460,5,6239.97,24.22
I000393,O00157,P0077,1,35313.1,11.46
I000394,O00157,P0301,1,17549.14,4.55
I000395,O00157,P0238,1,53135.19,2.8
I000396,O00158,P0453,2,48487.07,19.63
I000397,O00158,P0394,2,59606.31,15.05
I000398,O00159,P0230,2,20473.44,10.81
I000399,O00159,P0439,4,2592.77,21.38
I000400,O00159,P0350,4,14498.82,29.91
I000401,O00160,P0491,2,34100.67,29.83
I000402,O00161,P0413,1,8728.83,26.11
I000403,O00162,P0256,1,27397.51,5.09
I000404,O00163,P0083,1,16951.02,10.9
I000405,O00163,P0046,1,10915.34,23.16
I000406,O00163,P0133,4,58713.33,22.89
I000407,O00164,P0333,2,56401.8,29.15
I000408,O00164,P0250,1,21935.63,8.6
I000409,O00164,P0210,5,55044.98,3.87
I000410,O00164,P0188,5,50721.17,28.56
I000411,O00165,P0043,4,30455.36,7.88
I000412,O00165,P0449,1,37312.7,19.32
I000413,O00165,P0380,2,42044.77,16.82
I000414,O00166,P0437,1,17581.5,4.75
I000415,O00166,P0205,1,13538.47,26.22
I000416,O00167,P0179,4,28215.62,16.05
I000417,O00168,P0056,1,10980.35,3.25
I000418,O00168,P0492,4,46139.36,5.98
I000419,O00168,P0169,1,19173.63,29.89
I000420,O00168,P0249,2,42196.99,14.29
I000421,O00169,P0233,1,32795.86,28.46
I000422,O00169,P0075,2,19347.16,0.94
I000423,O00169,P0308,4,3931.54,24.26
I000424,O00170,P0243,2,3433.84,26.04
I000425,O00170,P0488,4,16336.92,19.07
I000426,O00170,P0043,2,4341.69,12.15
I000427,O00170,P0153,4,52303.09,15.74
I000428,O00171,P0095,-1,5727.99,27.05
I000429,O00171,P0176,3,10039.09,10.48
I000430,O00171,P0215,4,28634.87,20.66
I000431,O00172,P0495,4,21410.6,20.79
I000432,O00172,P0200,1,33742.32,26.81
I000433,O00173,P0040,5,37067.44,9.71
I000434,O00173,P0422,3,1048.37,26.9
I000435,O00174,P0256,3,6993.69,29.1
I000436,O00174,P0209,3,31337.36,0.11
I000437,O00175,P0483,2,38130.72,19.17
I000438,O00175,P0297,1,2381.86,22.37
I000439,O00175,P0097,4,41847.48,23.23
I000440,O00175,P0308,4,13125.01,6.29
I000441,O00176,P0498,5,57315.25,11.11
I000442,O00176,P0187,1,18256.28,9.21
I000443,O00177,P0359,4,39004.92,13.68
I000444,O00178,P0181,3,49725.51,12.78
I000445,O00178,P0499,3,6980.12,5.27
I000446,O00178,P0220,3,10778.33,17.85
I000447,O00178,P0278,4,23017.49,25.35
I000448,O00179,P0325,3,42185.14,28.14
I000449,O00179,P0464,1,59722.72,24.18
I000450,O00179,P0054,1,39047.55,18.49
I000451,O00179,P0211,1,29885.01,22.55
I000452,O00180,P0325,4,30301.02,24.18
I000453,O00181,P0437,4,12869.89,23.31
I000454,O00181,P0283,4,7047.17,25.69
I000455,O00181,P0487,1,21166.7,23.81
I000456,O00182,P0212,4,654.79,11.24
I000457,O00182,P0115,5,17159.54,26.39
I000458,O00182,P0136,3,50341.35,23.85
I000459,O00182,P0213,2,448.62,27.27
I000460,O00183,P0008,1,9371.85,11.23
I000461,O00184,P0172,2,57557.8,29.78
I000462,O00184,P0124,5,58414.72,5.78
I000463,O00184,P0330,-4,49747.28,24.04
I000464,O00185,P0066,4,58645.87,5.21
I000465,O00185,P0463,3,31133.17,13.12
I000466,O00185,P0051,2,30354.57,18.94
I000467,O00185,P0402,4,50613.24,18.82
I000468,O00186,P0429,5,9711.38,9.67
I000469,O00186,P0048,1,1733.29,0.35
I000470,O00186,P0395,5,9352.31,18.54
I000471,O00187,P0293,4,1712.33,22.03
I000472,O00188,P0325,3,11356.0,19.58
I000473,O00188,P0114,3,11790.97,25.21
I000474,O00188,P0372,4,46269.42,19.78
I000475,O00188,P0141,1,56111.56,18.82
I000476,O00189,P0057,4,55646.5,3.68
I000477,O00190,P0145,3,53697.37,2.78
I000478,O00190,P0254,3,54780.6,6.24
I000479,O00191,P0252,1,24941.96,14.6
I000480,O00192,P0108,4,22640.21,9.41
I000481,O00193,P0414,2,10952.42,0.3
I000482,O00193,P0092,5,37946.56,25.64
I000483,O00193,P0061,3,59625.63,14.52
I000484,O00193,P0315,5,32879.67,4.75
I000485,O00194,P0475,1,11732.15,0.89
I000486,O00194,P0012,5,30802.33,4.57
I000487,O00194,P0444,3,7064.35,6.51
I000488,O00195,P0071,2,5189.88,20.75
I000489,O00195,P0065,3,16565.26,5.98
I000490,O00195,P0048,3,42543.4,19.56
I000491,O00196,P0382,4,26276.51,28.39
I000492,O00196,P0473,2,15155.57,5.94
I000493,O00196,P0434,3,57719.9,3.09
I000494,O00196,P0407,5,18832.79,23.82
I000495,O00197,P0222,4,25539.49,22.41
I000496,O00197,P0418,3,37450.08,18.22
I000497,O00197,P0220,2,34115.09,11.22
I000498,O00197,P0324,1,27074.32,26.68
I000499,O00198,P0301,4,17749.72,24.8
I000500,O00198,P0331,5,21264.75,0.9
I000501,O00198,P0093,-3,25877.33,5.58
I000502,O00199,P0038,2,39485.89,11.16
I000503,O00199,P0400,3,7513.76,9.56
I000504,O00200,P0368,3,12983.59,17.02
I000505,O00201,P0461,2,33786.11,11.57
I000506,O00201,P0309,2,31730.29,3.09
I000507,O00201,P0143,5,56787.01,24.22
I000508,O00202,P0294,4,40991.49,13.06
I000509,O00203,P0102,2,3169.65,14.82
I000510,O00203,P0024,3,25389.99,3.72
I000511,O00203,P0088,5,19747.11,11.49
I000512,O00204,P0146,1,38691.26,25.68
I000513,O00205,P0467,4,17205.08,25.25
I000514,O00206,P0019,5,55098.46,1.17
I000515,O00206,P0331,1,4353.36,2.85
I000516,O00206,P0411,4,43450.57,8.24
I000517,O00206,P0386,3,24140.59,16.69
I000518,O00207,P0253,5,3014.95,8.95
I000519,O00207,P0233,4,50950.6,29.01
I000520,O00207,P0063,3,56274.68,3.08
I000521,O00208,P0025,1,8496.32,29.81
I000522,O00208,P0442,4,13735.21,2.64
I000523,O00209,P0418,5,59375.99,28.02
I000524,O00209,P0445,1,15729.32,23.55
I000525,O00209,P0057,1,56839.26,2.25
I000526,O00210,P0353,5,47539.34,11.39
I000527,O00210,P0358,2,55506.53,17.5
I000528,O00210,P0062,2,19296.09,4.44
I000529,O00211,P0327,4,40160.47,15.65
I000530,O00211,P0124,5,28780.02,14.7
I000531,O00211,P0144,3,46404.11,14.48
I000532,O00211,P0048,3,46018.88,21.34
I000533,O00212,P0286,2,39636.95,22.06
I000534,O00212,P0106,1,4693.64,14.84
I000535,O00212,P0109,1,40295.84,14.04
I000536,O00213,P0097,4,6451.18,6.26
I000537,O00213,P0303,5,30932.85,9.4
I000538,O00213,P0484,3,42569.04,19.66
I000539,O00213,P0435,5,6518.5,3.9
I000540,O00214,P0198,4,52097.96,15.4
I000541,O00214,P0400,4,11439.62,8.34
I000542,O00214,P0085,3,57099.38,17.32
I000543,O00215,P0076,4,52596.53,22.35
I000544,O00216,P0009,4,11384.38,0.86
I000545,O00216,P0339,5,27267.93,7.97
I000546,O00217,P0182,4,12881.55,11.91
I000547,O00218,P0261,3,3378.79,8.18
I000548,O00218,P0051,1,38987.58,21.96
I000549,O00218,P0217,2,17781.55,12.08
I000550,O00218,P0305,3,31867.85,14.81
I000551,O00219,P0056,1,38851.42,28.77
I000552,O00219,P0113,1,3377.64,1.07
I000553,O00219,P0137,2,4137.67,3.03
I000554,O00219,P0116,5,42030.83,12.14
I000555,O00220,P0052,2,44088.68,26.39
I000556,O00220,P0138,4,12501.18,23.57
I000557,O00220,P0178,3,42410.03,8.64
I000558,O00220,P0002,1,11267.71,27.23
I000559,O00221,P0379,3,51183.32,20.64
I000560,O00221,P0088,3,40950.26,5.0
I000561,O00221,P0171,4,8681.65,0.38
I000562,O00221,P0243,4,20176.44,5.33
I000563,O00222,P0452,1,10409.36,22.81
I000564,O00222,P0005,5,21258.19,14.21
I000565,O00222,P0001,4,52418.47,14.18
I000566,O00223,P0420,1,34122.55,29.71
I000567,O00224,P0269,5,10204.82,4.4
I000568,O00224,P0049,1,18415.22,22.09
I000569,O00225,P0252,3,59389.63,7.72
I000570,O00225,P0250,3,21984.5,0.41
I000571,O00225,P0181,3,42667.4,26.74
I000572,O00225,P0397,5,29164.42,8.1
I000573,O00226,P0076,4,51404.68,19.78
I000574,O00227,P0183,4,2048.1,17.33
I000575,O00227,P0357,4,21693.31,22.33
I000576,O00228,P0472,4,38396.28,28.96
I000577,O00228,P0450,5,53973.44,13.48
I000578,O00229,P0136,3,53302.1,11.73
I000579,O00229,P0214,3,18697.53,1.23
I000580,O00230,P0428,5,7553.08,23.86
I000581,O00230,P0291,3,17446.83,29.08
I000582,O00230,P0256,2,28085.78,4.51
I000583,O00231,P0320,5,39926.36,9.11
I000584,O00231,P0148,1,48027.15,0.47
I000585,O00231,P0021,2,17124.43,17.79
I000586,O00232,P0251,3,504.4,10.57
I000587,O00233,P0026,3,8435.58,26.36
I000588,O00234,P0489,1,42849.19,4.28
I000589,O00234,P0376,2,26036.64,27.55
I000590,O00235,P0113,1,28496.03,10.64
I000591,O00235,P0416,4,25469.28,29.01
I000592,O00235,P0051,3,55227.61,17.91
I000593,O00236,P0289,4,40799.61,9.67
I000594,O00236,P0297,2,41062.61,5.99
I000595,O00237,P0214,5,12131.49,9.15
I000596,O00237,P0153,5,55641.7,13.83
I000597,O00238,P0193,4,5943.33,15.8
I000598,O00238,P0356,3,30328.15,20.55
I000599,O00239,P0240,3,25774.62,12.62
I000600,O00239,P0211,4,1854.84,16.77
I000601,O00239,P0491,4,5488.05,4.22
I000602,O00240,P0403,2,34903.28,11.19
I000603,O00240,P0318,5,54014.76,26.33
I000604,O00240,P0028,4,7730.96,20.1
I000605,O00241,P0414,5,27721.2,1.63
I000606,O00241,P0029,3,49827.68,19.5
I000607,O00241,P0171,5,6024.46,8.72
I000608,O00241,P0247,3,51885.98,3.64
I000609,O00242,P0360,2,31072.59,16.86
I000610,O00243,P0070,2,53724.13,19.19
I000611,O00243,P0080,3,37768.72,21.57
I000612,O00243,P0480,1,48375.89,18.71
I000613,O00243,P0103,1,4215.1,4.59
I000614,O00244,P0267,1,14982.92,3.11
I000615,O00245,P0427,5,26740.19,1.67
I000616,O00246,P0154,4,29126.43,5.52
I000617,O00247,P0431,5,15764.24,18.38
I000618,O00247,P0225,5,7567.15,4.39
I000619,O00248,P0095,2,49149.3,19.72
I000620,O00249,P0262,5,12180.99,14.41
I000621,O00249,P0149,1,57553.67,14.79
I000622,O00250,P0201,4,41919.63,3.22
I000623,O00250,P0214,4,9060.36,8.5
I000624,O00250,P0062,5,23487.88,17.42
I000625,O00251,P0331,5,26779.87,27.24
I000626,O00252,P0493,2,28180.85,21.69
I000627,O00252,P0142,1,58908.87,10.73
I000628,O00252,P0439,5,12804.65,27.08
I000629,O00253,P0263,1,10634.91,4.54
I000630,O00253,P0336,5,20489.61,21.46
I000631,O00253,P0403,2,16844.74,22.88
I000632,O00253,P0156,4,4278.96,25.18
I000633,O00254,P0193,4,36429.34,5.41
I000634,O00254,P0363,5,46568.8,15.76
I000635,O00254,P0067,3,35413.36,17.42
I000636,O00254,P0300,5,49827.2,2.03
I000637,O00255,P0437,2,14055.92,19.96
I000638,O00256,P0479,4,19554.83,6.95
I000639,O00256,P0396,2,6504.82,26.42
I000640,O00256,P0373,4,45397.67,12.6
I000641,O00256,P0033,1,36791.84,3.43
I000642,O00257,P0227,3,36470.69,25.22
I000643,O00258,P0165,1,41983.8,11.33
I000644,O00258,P0327,5,33476.8,5.87
I000645,O00259,P0225,3,13684.69,22.26
I000646,O00259,P0223,5,48558.6,5.77
I000647,O00259,P0299,1,37821.12,20.06
I000648,O00259,P0105,1,48638.53,26.8
I000649,O00260,P0397,4,34184.04,25.93
I000650,O00260,P0175,2,41005.2,28.73
I000651,O00260,P0373,5,29871.29,24.97
I000652,O00261,P0257,3,21517.81,26.99
I000653,O00261,P0437,2,48135.43,13.17
I000654,O00261,P0321,4,52463.82,17.07
I000655,O00261,P0066,5,18033.97,3.54
I000656,O00262,P0027,5,32524.17,0.68
I000657,O00262,P0421,3,55351.95,7.54
I000658,O00263,P0035,2,58093.27,2.24
I000659,O00263,P0295,2,51221.07,27.95
I000660,O00263,P0257,3,24073.34,1.7
I000661,O00264,P0299,4,56228.23,29.55
I000662,O00265,P0017,-3,25400.06,6.02
I000663,O00266,P0072,2,32915.82,22.02
I000664,O00267,P0121,4,4560.13,28.44
I000665,O00268,P0178,1,57004.49,17.94
I000666,O00269,P0455,5,28830.53,3.88
I000667,O00270,P0054,1,29896.48,6.76
I000668,O00271,P0221,4,18344.42,25.5
I000669,O00271,P0498,2,1482.31,1.66
I000670,O00271,P0397,2,32144.31,25.81
I000671,O00272,P0283,-4,3318.0,22.97
I000672,O00273,P0221,4,33062.79,3.47
I000673,O00273,P0061,5,58955.57,11.03
I000674,O00274,P0176,4,55100.5,7.15
I000675,O00274,P0048,5,800.97,12.39
I000676,O00275,P0411,1,52420.7,7.5
I000677,O00276,P0040,1,7777.61,5.42
I000678,O00277,P0161,3,36224.48,26.71
I000679,O00278,P0067,5,23989.56,19.73
I000680,O00278,P0337,1,4767.4,28.15
I000681,O00278,P0106,4,42374.26,24.4
I000682,O00279,P0228,3,56497.33,23.41
I000683,O00279,P0150,2,31705.28,8.03
I000684,O00280,P0028,-3,54045.44,21.17
I000685,O00281,P0144,1,12372.59,4.11
I000686,O00281,P0500,-5,13986.05,22.26
I000687,O00281,P0108,1,22468.92,24.49
I000688,O00281,P0073,1,58679.0,20.95
I000689,O00282,P0488,1,1473.12,25.09
I000690,O00282,P0139,3,35376.76,9.01
I000691,O00282,P0495,1,3771.26,25.64
I000692,O00282,P0197,4,1327.14,11.48
I000693,O00283,P0023,2,12502.66,5.53
I000694,O00283,P0221,5,3325.13,9.15
I000695,O00283,P0278,3,56245.99,27.3
I000696,O00283,P0387,3,55377.38,27.22
I000697,O00284,P0388,1,20588.47,24.88
I000698,O00284,P0223,4,47000.24,27.86
I000699,O00285,P0414,1,33286.99,28.57
I000700,O00286,P0440,5,27917.45,17.18
I000701,O00286,P0291,5,15754.02,28.81
I000702,O00286,P0240,2,8085.99,0.46
I000703,O00287,P0044,2,46326.08,8.87
I000704,O00287,P0293,4,2508.65,8.23
I000705,O00287,P0138,3,46989.09,24.31
I000706,O00288,P0064,3,34192.78,9.63
I000707,O00289,P0434,2,26739.76,0.52
I000708,O00289,P0005,4,2412.83,10.76
I000709,O00289,P0327,5,13226.98,1.76
I000710,O00290,P0142,5,33176.58,28.6
I000711,O00291,P0093,3,46005.41,8.28
I000712,O00291,P0445,4,7807.9,18.91
I000713,O00291,P0076,5,39427.49,6.98
I000714,O00291,P0336,1,11218.48,15.2
I000715,O00292,P0297,3,2708.94,21.52
I000716,O00292,P0032,3,58521.88,0.48
I000717,O00292,P0433,3,32518.39,1.34
I000718,O00292,P0121,3,6727.98,15.21
I000719,O00293,P0262,1,14371.33,9.77
I000720,O00294,P0425,4,4469.31,12.79
I000721,O00294,P0145,2,1676.74,18.21
I000722,O00294,P0185,3,58510.91,26.92
I000723,O00295,P0241,3,37390.6,4.81
I000724,O00295,P0023,3,55832.45,27.36
I000725,O00295,P0014,1,36620.48,24.24
I000726,O00296,P0482,2,22854.61,17.48
I000727,O00296,P0337,2,22989.16,29.93
I000728,O00296,P0041,1,57525.78,29.77
I000729,O00297,P0276,1,50886.19,15.83
I000730,O00297,P0027,5,28445.28,15.73
I000731,O00297,P0226,3,16297.13,25.08
I000732,O00297,P0151,2,19855.33,23.97
I000733,O00298,P0119,4,19026.02,29.17
I000734,O00298,P0355,2,26811.45,28.73
I000735,O00298,P0210,3,4965.47,16.81
I000736,O00299,P0469,3,39269.13,18.16
I000737,O00300,P0403,4,13939.85,24.83
I000738,O00300,P0065,5,14847.65,27.28
I000739,O00300,P0346,5,40020.98,18.17
I000740,O00300,P0408,3,20625.99,3.54
I000741,O00301,P0216,5,58998.22,17.28
I000742,O00301,P0324,2,54012.37,26.29
I000743,O00301,P0008,2,7423.17,7.9
I000744,O00301,P0284,4,44622.67,3.79
I000745,O00302,P0427,4,1631.1,5.01
I000746,O00303,P0068,5,52039.42,27.56
I000747,O00304,P0182,2,24258.59,16.71
I000748,O00304,P0365,3,7317.97,26.92
I000749,O00304,P0460,3,35570.38,18.5
I000750,O00304,P0370,1,4610.4,27.62
I000751,O00305,P0467,4,37923.75,22.22
I000752,O00305,P0224,3,45508.07,21.0
I000753,O00305,P0376,2,43477.71,17.69
I000754,O00305,P0420,5,5210.61,26.87
I000755,O00306,P0346,4,22886.6,13.16
I000756,O00306,P0261,5,16902.12,23.19
I000757,O00306,P0119,3,29698.95,1.45
I000758,O00307,P0147,3,23167.25,22.72
I000759,O00307,P0489,2,2707.68,28.35
I000760,O00307,P0452,2,25946.15,8.35
I000761,O00307,P0451,5,18999.17,10.42
I000762,O00308,P0061,3,16576.14,13.17
I000763,O00308,P0454,2,17451.03,27.53
I000764,O00309,P0474,2,40052.73,4.23
I000765,O00310,P0283,5,45340.91,0.82
I000766,O00310,P0463,1,57599.43,16.19
I000767,O00311,P0004,4,49983.77,0.77
I000768,O00311,P0105,3,56520.0,17.13
I000769,O00312,P0267,2,49896.06,8.85
I000770,O00312,P0057,1,26775.42,12.97
I000771,O00312,P0135,1,51897.26,29.79
I000772,O00312,P0375,1,58112.69,24.11
I000773,O00313,P0373,-1,19761.52,15.21
I000774,O00313,P0142,4,37911.31,15.39
I000775,O00314,P0362,3,53557.9,1.15
I000776,O00315,P0478,5,19188.13,25.24
I000777,O00316,P0486,1,14905.64,17.59
I000778,O00317,P0345,2,16064.11,4.54
I000779,O00317,P0417,2,44066.93,8.48
I000780,O00318,P0326,1,57059.8,25.71
I000781,O00318,P0384,2,391.22,2.02
I000782,O00319,P0364,2,2521.0,20.64
I000783,O00319,P0315,4,37935.38,7.04
I000784,O00320,P0248,5,39485.07,5.4
I000785,O00320,P0154,2,52527.34,20.04
I000786,O00320,P0251,4,35950.96,16.3
I000787,O00321,P0050,2,6919.57,26.43
I000788,O00321,P0387,3,25291.72,13.42
I000789,O00321,P0127,4,7125.99,13.94
I000790,O00322,P0339,1,20985.2,11.94
I000791,O00322,P0066,4,50439.23,25.92
I000792,O00322,P0308,4,41295.87,0.87
I000793,O00323,P0260,2,53410.67,23.48
I000794,O00323,P0032,5,46353.56,7.85
I000795,O00323,P0163,4,23604.43,13.26
I000796,O00324,P0134,1,16245.37,21.85
I000797,O00324,P0174,1,18648.94,12.29
I000798,O00324,P0294,-2,32253.58,23.39
I000799,O00324,P0057,5,36722.93,3.88
I000800,O00325,P0487,1,48184.29,2.71
I000801,O00326,P0468,3,46057.15,16.59
I000802,O00326,P0336,1,31215.21,10.86
I000803,O00326,P0102,2,50321.31,11.87
I000804,O00327,P0149,2,54657.1,9.95
I000805,O00327,P0111,5,44053.39,28.2
I000806,O00328,P0433,1,45356.28,15.8
I000807,O00329,P0406,4,2728.65,8.49
I000808,O00329,P0013,2,37967.02,20.64
I000809,O00329,P0018,3,45044.94,24.39
I000810,O00329,P0194,4,8045.35,22.22
I000811,O00330,P0442,1,4776.32,15.14
I000812,O00330,P0361,4,1405.22,22.28
I000813,O00330,P0278,5,55154.68,2.87
I000814,O00331,P0100,5,51586.32,23.54
I000815,O00331,P0218,5,44660.3,9.06
I000816,O00331,P0235,2,6160.82,29.08
I000817,O00331,P0296,4,22719.53,12.89
I000818,O00332,P0496,4,33747.58,14.5
I000819,O00332,P0465,5,30494.29,11.47
I000820,O00333,P0373,4,57097.15,22.88
I000821,O00333,P0366,1,27245.77,17.34
I000822,O00333,P0013,4,46318.11,13.41
I000823,O00333,P0245,5,6715.12,9.32
I000824,O00334,P0415,1,5904.26,5.08
I000825,O00334,P0443,4,35685.89,2.52
I000826,O00335,P0316,4,31499.66,25.19
I000827,O00335,P0390,2,3724.19,14.8
I000828,O00335,P0211,3,44482.57,25.03
I000829,O00335,P0019,3,41402.06,17.96
I000830,O00336,P0138,2,45351.27,23.84
I000831,O00337,P0161,2,19445.91,21.27
I000832,O00337,P0264,5,51547.44,29.78
I000833,O00337,P0042,-1,25656.98,2.33
I000834,O00337,P0066,-1,9893.17,22.44
I000835,O00338,P0102,4,52211.0,3.41
I000836,O00338,P0454,4,29812.03,18.78
I000837,O00339,P0072,5,25205.21,0.28
I000838,O00339,P0061,4,59745.51,21.6
I000839,O00339,P0451,3,31444.31,18.45
I000840,O00339,P0191,5,39083.2,4.25
I000841,O00340,P0412,5,57129.32,11.14
I000842,O00340,P0310,3,28432.18,6.32
I000843,O00341,P0475,2,10021.45,21.45
I000844,O00341,P0243,1,19197.74,5.38
I000845,O00341,P0241,1,59599.96,0.17
I000846,O00342,P0103,1,32356.34,9.93
I000847,O00342,P0032,5,28227.91,4.69
I000848,O00343,P0326,5,53023.92,10.35
I000849,O00343,P0008,2,16619.92,24.62
I000850,O00343,P0445,-4,35151.21,9.17
I000851,O00344,P0479,3,33754.52,19.25
I000852,O00344,P0104,1,35639.82,3.09
I000853,O00344,P0111,3,10863.85,16.91
I000854,O00344,P0065,5,35321.56,22.98
I000855,O00345,P0295,5,36365.56,29.0
I000856,O00345,P0378,5,40176.12,14.2
I000857,O00345,P0087,1,47045.22,29.67
I000858,O00346,P0476,5,8960.2,4.94
I000859,O00347,P0166,1,53778.01,1.57
I000860,O00348,P0218,4,19759.94,15.01
I000861,O00348,P0061,2,33696.68,11.32
I000862,O00348,P0198,4,21428.5,25.16
I000863,O00348,P0163,5,4876.34,18.16
I000864,O00349,P0490,2,56740.3,25.01
I000865,O00349,P0365,2,50424.59,16.81
I000866,O00350,P0356,3,41184.98,16.74
I000867,O00350,P0223,3,10845.14,25.98
I000868,O00350,P0438,4,46290.54,10.38
I000869,O00350,P0218,2,37095.06,26.29
I000870,O00351,P0196,3,10904.53,22.43
I000871,O00351,P0006,2,26636.42,15.78
I000872,O00352,P0301,3,19841.4,27.33
I000873,O00353,P0258,1,36485.11,1.01
I000874,O00353,P0141,4,24017.98,29.87
I000875,O00353,P0361,3,16595.6,1.72
I000876,O00354,P0442,4,59834.45,18.97
I000877,O00355,P0089,4,45046.17,19.43
I000878,O00355,P0280,1,2483.98,0.87
I000879,O00355,P0458,2,42397.25,5.31
I000880,O00355,P0436,2,5152.91,25.02
I000881,O00356,P0029,4,38321.19,1.87
I000882,O00357,P0440,5,16793.19,25.58
I000883,O00358,P0171,3,53884.64,5.08
I000884,O00359,P0265,1,56444.6,12.1
I000885,O00359,P0429,1,4084.3,24.75
I000886,O00359,P0257,2,43791.63,2.52
I000887,O00360,P0023,3,36590.04,20.66
I000888,O00360,P0210,2,38190.92,25.26
I000889,O00360,P0482,1,18807.64,16.82
I000890,O00360,P0061,3,28081.89,25.08
I000891,O00361,P0290,4,5472.08,27.54
I000892,O00362,P0374,1,11302.4,17.73
I000893,O00362,P0495,1,46050.01,23.66
I000894,O00363,P0327,3,27728.88,26.32
I000895,O00363,P0483,2,18605.38,20.43
I000896,O00364,P0383,2,18767.13,11.38
I000897,O00364,P0147,2,16882.01,16.95
I000898,O00365,P0116,2,16513.41,5.98
I000899,O00365,P0152,3,41913.98,7.94
I000900,O00365,P0251,3,34806.03,10.47
I000901,O00365,P0329,5,27090.45,18.93
I000902,O00366,P0019,5,23263.71,16.14
I000903,O00366,P0108,4,20945.91,24.33
I000904,O00367,P0107,3,42039.3,15.11
I000905,O00367,P0425,3,5627.3,23.2
I000906,O00367,P0133,2,28167.75,0.94
I000907,O00368,P0265,2,28617.55,14.02
I000908,O00369,P0191,5,22799.03,17.65
I000909,O00369,P0018,3,42137.04,18.88
I000910,O00369,P0446,1,9693.28,14.26
I000911,O00370,P0332,1,11389.27,10.74
I000912,O00370,P0084,4,32897.33,22.56
I000913,O00370,P0225,5,27495.45,17.28
I000914,O00371,P0375,4,28519.61,7.31
I000915,O00371,P0371,3,36136.33,14.48
I000916,O00371,P0206,3,2599.71,27.87
I000917,O00371,P0120,5,6649.75,12.78
I000918,O00372,P0489,5,24164.86,0.86
I000919,O00372,P0263,2,55356.75,26.6
I000920,O00372,P0495,5,12068.04,29.17
I000921,O00373,P0067,3,47356.45,1.61
I000922,O00373,P0047,3,47613.23,4.24
I000923,O00374,P0235,4,10087.46,0.03
I000924,O00374,P0076,2,53000.69,9.04
I000925,O00374,P0042,2,14323.78,6.1
I000926,O00375,P0371,2,9417.45,16.66
I000927,O00376,P0003,4,9727.92,3.0
I000928,O00376,P0282,4,41987.03,27.38
I000929,O00376,P0343,4,49914.55,21.19
I000930,O00377,P0199,2,19237.73,28.06
I000931,O00378,P0396,3,53901.67,24.59
I000932,O00378,P0374,4,35896.94,16.02
I000933,O00378,P0178,4,40258.63,29.11
I000934,O00378,P0014,2,53158.17,5.34
I000935,O00379,P0189,3,20523.09,24.7
I000936,O00379,P0313,5,45150.73,27.44
I000937,O00380,P0071,4,11440.64,6.34
I000938,O00380,P0223,1,20507.28,19.62
I000939,O00381,P0078,3,18803.31,20.26
I000940,O00381,P0247,1,15808.97,28.65
I000941,O00381,P0092,2,24013.33,15.52
I000942,O00381,P0055,4,48412.49,10.39
I000943,O00382,P0336,4,48252.31,0.37
I000944,O00383,P0066,5,30516.83,20.59
I000945,O00383,P0006,4,39298.27,20.11
I000946,O00383,P0217,-1,18316.68,7.76
I000947,O00384,P0310,4,30223.28,23.43
I000948,O00385,P0433,5,58311.86,3.35
I000949,O00385,P0092,4,31996.36,11.5
I000950,O00385,P0346,1,9193.16,10.11
I000951,O00386,P0102,5,48807.54,21.83
I000952,O00386,P0233,4,3102.91,8.45
I000953,O00386,P0063,4,27722.99,1.5
I000954,O00387,P0130,4,20380.21,8.88
I000955,O00387,P0420,1,32656.36,5.36
I000956,O00387,P0183,4,1247.64,9.74
I000957,O00388,P0306,1,21563.22,1.1
I000958,O00389,P0128,2,5226.0,2.84
I000959,O00389,P0373,2,38048.62,12.93
I000960,O00389,P0141,3,58316.8,20.67
I000961,O00389,P0125,5,34230.28,1.22
I000962,O00390,P0191,1,8975.68,29.31
I000963,O00390,P0327,1,23038.4,29.41
I000964,O00390,P0041,3,55660.94,22.48
I000965,O00391,P0206,1,11199.04,22.4
I000966,O00391,P0370,1,50243.83,13.0
I000967,O00391,P0060,2,34339.53,29.85
I000968,O00391,P0316,5,32441.63,23.81
I000969,O00392,P0192,5,28480.52,22.82
I000970,O00393,P0141,2,16755.86,20.14
I000971,O00393,P0310,4,54602.84,20.35
I000972,O00393,P0140,1,24549.53,0.56
I000973,O00393,P0213,2,16631.17,13.87
I000974,O00394,P0050,2,13644.52,21.27
I000975,O00394,P0114,1,36760.9,21.84
I000976,O00394,P0312,4,35357.27,19.04
I000977,O00395,P0278,4,28641.05,16.73
I000978,O00395,P0176,3,19314.64,24.68
I000979,O00395,P0078,4,51290.49,14.97
I000980,O00396,P0345,4,15490.42,0.97
I000981,O00396,P0437,5,58069.87,18.94
I000982,O00397,P0043,2,44931.05,15.89
I000983,O00397,P0156,3,45101.28,13.54
I000984,O00397,P0240,1,9522.85,17.55
I000985,O00398,P0290,4,25040.5,22.95
I000986,O00398,P0385,3,33475.08,14.72
I000987,O00398,P0121,4,55286.34,3.95
I000988,O00399,P0050,4,13254.66,29.76
I000989,O00400,P0092,2,46059.1,29.53
I000990,O00400,P0206,5,24629.27,22.54
I000991,O00400,P0215,5,16877.01,23.11
I000992,O00401,P0341,3,30237.82,15.98
I000993,O00402,P0440,4,29791.03,13.92
I000994,O00402,P0423,4,9586.67,26.2
I000995,O00403,P0148,1,32053.41,10.02
I000996,O00403,P0238,2,41064.44,2.95
I000997,O00403,P0298,4,58459.99,12.31
I000998,O00403,P0326,1,37208.78,4.16
I000999,O00404,P0307,5,43982.45,28.36
I001000,O00405,P0313,2,10154.24,18.76
I001001,O00405,P0351,1,57120.4,0.68
I001002,O00405,P0308,4,33213.03,25.9
I001003,O00406,P0235,3,43438.99,7.18
I001004,O00406,P0242,2,19498.91,8.79
I001005,O00407,P0106,5,27778.54,7.35
I001006,O00408,P0124,2,58373.76,15.01
I001007,O00408,P0057,5,50304.95,26.16
I001008,O00408,P0466,2,14842.83,21.66
I001009,O00408,P0036,1,44966.79,20.46
I001010,O00409,P0444,5,59732.97,25.87
I001011,O00409,P0037,4,57462.97,26.5
I001012,O00409,P0276,1,43004.53,18.21
I001013,O00409,P0274,1,26423.56,24.83
I001014,O00410,P0150,4,49732.8,21.75
I001015,O00411,P0187,4,43054.15,15.35
I001016,O00412,P0220,1,6396.66,25.41
I001017,O00412,P0389,5,45263.96,3.35
I001018,O00412,P0087,-3,24891.0,10.2
I001019,O00412,P0468,2,47774.08,6.3
I001020,O00413,P0169,1,27602.87,21.27
I001021,O00414,P0388,3,20678.09,20.68
I001022,O00414,P0170,4,42033.79,17.05
I001023,O00415,P0390,2,9051.83,8.65
I001024,O00416,P0451,3,33899.66,21.41
I001025,O00416,P0158,2,34144.87,9.14
I001026,O00417,P0345,-3,9435.59,24.16
I001027,O00417,P0066,2,36525.48,25.77
I001028,O00417,P0132,2,1874.68,6.35
I001029,O00417,P0156,2,35137.24,7.78
I001030,O00418,P0245,5,54020.24,29.17
I001031,O00418,P0330,2,35310.7,15.03
I001032,O00418,P0268,3,22803.13,27.78
I001033,O00418,P0332,2,52272.78,14.46
I001034,O00419,P0460,4,1051.11,28.41
I001035,O00419,P0176,-2,18696.64,6.73
I001036,O00419,P0143,5,46725.26,23.68
I001037,O00419,P0333,2,21518.79,13.78
I001038,O00420,P0431,5,53908.45,22.24
I001039,O00421,P0341,1,24029.78,2.97
I001040,O00421,P0169,5,4218.42,16.6
I001041,O00421,P0274,5,52382.41,29.11
I001042,O00422,P0229,5,31472.34,7.34
I001043,O00423,P0354,2,13854.73,21.52
I001044,O00423,P0091,1,58766.77,7.97
I001045,O00424,P0047,2,44053.57,27.52
I001046,O00424,P0464,2,31448.95,1.83
I001047,O00424,P0117,2,35223.51,17.44
I001048,O00425,P0051,5,52922.11,1.53
I001049,O00425,P0405,1,11946.26,3.49
I001050,O00425,P0043,4,12004.3,16.27
I001051,O00425,P0111,5,29336.39,17.08
I001052,O00426,P0441,1,43254.89,13.28
I001053,O00426,P0330,2,35418.47,19.05
I001054,O00426,P0387,4,59535.81,7.55
I001055,O00426,P0209,5,16390.44,18.93
I001056,O00427,P0260,4,30949.17,28.54
I001057,O00427,P0154,3,52062.21,7.47
I001058,O00427,P0141,5,30283.12,18.78
I001059,O00428,P0388,2,29357.31,9.58
I001060,O00429,P0254,2,10891.95,22.81
I001061,O00429,P0345,3,5855.16,25.86
I001062,O00429,P0176,5,49388.95,5.81
I001063,O00429,P0056,2,12950.34,15.05
I001064,O00430,P0393,5,28418.16,20.54
I001065,O00430,P0475,5,12775.46,20.16
I001066,O00430,P0166,2,11675.86,11.89
I001067,O00431,P0437,2,36685.37,4.71
I001068,O00431,P0490,5,58873.03,19.6
I001069,O00432,P0400,3,13877.67,7.89
I001070,O00432,P0479,3,22373.31,9.19
I001071,O00432,P0373,3,49788.03,9.46
I001072,O00432,P0158,4,33884.53,22.88
I001073,O00433,P0391,-4,3507.38,12.26
I001074,O00434,P0500,4,46069.51,0.58
I001075,O00434,P0361,-2,12674.82,21.5
I001076,O00435,P0427,3,1616.0,12.82
I001077,O00435,P0196,3,33572.48,22.17
I001078,O00435,P0409,2,37129.84,13.2
I001079,O00436,P0055,1,14739.64,9.76
I001080,O00436,P0246,5,28298.33,29.13
I001081,O00436,P0024,4,41330.5,27.27
I001082,O00437,P0128,3,59218.37,17.58
I001083,O00437,P0031,1,3555.65,10.28
I001084,O00437,P0276,3,26399.84,8.53
I001085,O00437,P0242,2,52874.81,2.22
I001086,O00438,P0423,2,52462.25,17.69
I001087,O00438,P0294,2,33797.82,13.15
I001088,O00438,P0168,5,32885.79,19.82
I001089,O00438,P0286,5,49075.14,20.69
I001090,O00439,P0396,1,52269.37,20.98
I001091,O00439,P0379,3,57440.57,10.84
I001092,O00440,P0383,2,11211.57,14.05
I001093,O00440,P0236,3,20114.12,20.33
I001094,O00440,P0361,3,15470.4,22.43
I001095,O00440,P0012,2,7327.59,12.32
I001096,O00441,P0413,4,47926.2,24.95
I001097,O00441,P0031,5,22533.77,16.97
I001098,O00441,P0017,5,52410.24,9.81
I001099,O00441,P0276,4,17102.26,10.01
I001100,O00442,P0377,1,34005.35,29.23
I001101,O00443,P0273,2,47955.74,25.39
I001102,O00444,P0294,4,36679.88,29.79
I001103,O00445,P0393,4,49101.79,13.97
I001104,O00446,P0334,3,4566.94,19.44
I001105,O00446,P0174,4,31757.3,20.78
I001106,O00447,P0456,1,24207.67,8.81
I001107,O00447,P0320,4,1328.52,6.76
I001108,O00447,P0219,2,15679.41,6.69
I001109,O00447,P0346,3,32035.38,19.61
I001110,O00448,P0395,5,55536.32,26.8
I001111,O00448,P0367,5,9325.77,23.19
I001112,O00449,P0158,2,6233.61,16.0
I001113,O00449,P0484,1,46811.9,16.2
I001114,O00450,P0168,3,55722.24,19.75
I001115,O00451,P0156,2,25572.16,8.13
I001116,O00451,P0480,2,46386.25,0.82
I001117,O00452,P0064,4,1720.35,26.03
I001118,O00452,P0438,2,22948.91,13.4
I001119,O00452,P0205,2,12496.81,11.42
I001120,O00452,P0418,1,5752.54,5.25
I001121,O00453,P0084,2,7397.43,14.67
I001122,O00454,P0384,3,25024.65,6.31
I001123,O00454,P0047,5,21719.54,7.66
I001124,O00454,P0058,4,1165.5,11.4
I001125,O00455,P0205,1,21409.93,28.37
I001126,O00455,P0429,-1,26162.1,25.43
I001127,O00455,P0154,2,59982.45,2.53
I001128,O00455,P0330,4,52581.32,0.48
I001129,O00456,P0374,3,2913.1,25.42
I001130,O00456,P0091,5,754.58,15.56
I001131,O00456,P0072,4,45784.81,1.84
I001132,O00457,P0444,-3,22427.9,12.45
I001133,O00457,P0081,4,10510.72,28.09
I001134,O00458,P0380,2,22031.07,27.75
I001135,O00458,P0403,2,1992.81,6.12
I001136,O00459,P0321,3,54557.05,7.96
I001137,O00459,P0165,1,47039.48,9.95
I001138,O00459,P0456,4,2246.52,26.16
I001139,O00459,P0468,4,2980.67,11.31
I001140,O00460,P0081,1,1093.32,26.92
I001141,O00460,P0048,4,59293.85,3.37
I001142,O00461,P0238,4,51397.2,16.1
I001143,O00461,P0069,5,48603.62,0.02
I001144,O00461,P0244,4,53993.03,7.71
I001145,O00461,P0166,5,22061.85,18.41
I001146,O00462,P0245,4,44973.39,25.56
I001147,O00463,P0065,2,30981.1,24.16
I001148,O00463,P0074,2,39620.75,22.3
I001149,O00464,P0145,5,6492.65,6.79
I001150,O00464,P0095,3,19851.82,29.22
I001151,O00464,P0343,5,31291.03,17.32
I001152,O00464,P0453,3,45641.64,3.95
I001153,O00465,P0192,2,34846.24,28.04
I001154,O00465,P0018,4,37986.44,23.83
I001155,O00465,P0094,1,8748.68,1.02
I001156,O00465,P0407,2,9880.74,9.68
I001157,O00466,P0248,3,11427.35,26.09
I001158,O00466,P0498,5,24458.28,29.78
I001159,O00466,P0233,5,15915.72,13.2
I001160,O00466,P0382,3,39396.54,15.43
I001161,O00467,P0173,2,15466.01,24.21
I001162,O00467,P0250,5,27487.7,2.9
I001163,O00467,P0439,3,45843.51,7.89
I001164,O00468,P0219,1,57892.26,3.79
I001165,O00468,P0117,4,49838.66,3.61
I001166,O00468,P0365,3,7752.7,10.43
I001167,O00469,P0224,5,59061.84,2.49
I001168,O00469,P0444,5,11120.22,24.6
I001169,O00469,P0454,5,11853.7,25.2
I001170,O00469,P0114,1,12080.89,22.34
I001171,O00470,P0289,5,31597.7,24.01
I001172,O00470,P0186,5,13979.33,28.41
I001173,O00471,P0192,2,6188.26,4.97
I001174,O00471,P0325,5,13730.2,27.92
I001175,O00472,P0277,5,25556.14,6.07
I001176,O00472,P0026,4,17930.49,27.03
I001177,O00473,P0458,4,28186.65,4.08
I001178,O00473,P0481,3,221.15,7.54
I001179,O00473,P0285,3,12683.54,22.0
I001180,O00473,P0305,1,3741.49,12.31
I001181,O00474,P0247,2,45922.66,24.21
I001182,O00474,P0487,2,23596.05,4.78
I001183,O00475,P0201,5,11763.6,25.03
I001184,O00475,P0037,2,57808.77,8.29
I001185,O00475,P0458,4,7583.59,22.19
I001186,O00475,P0484,2,12508.7,4.27
I001187,O00476,P0390,3,843.99,3.52
I001188,O00476,P0160,5,6336.21,18.86
I001189,O00476,P0242,2,39693.2,8.96
I001190,O00477,P0278,5,27371.17,2.11
I001191,O00478,P0449,3,56979.38,1.23
I001192,O00478,P0430,3,6947.69,14.0
I001193,O00478,P0300,2,52599.29,20.74
I001194,O00479,P0389,3,13633.08,3.09
I001195,O00479,P0375,5,57592.12,25.95
I001196,O00479,P0124,4,50235.21,28.9
I001197,O00479,P0216,1,38355.98,25.96
I001198,O00480,P0432,3,54302.94,19.21
I001199,O00480,P0169,4,40085.31,7.54
I001200,O00480,P0183,1,972.98,21.39
I001201,O00481,P0125,-5,29799.57,17.73
I001202,O00481,P0341,3,6417.13,23.43
I001203,O00481,P0363,4,33728.11,25.12
I001204,O00481,P0193,5,31234.21,27.76
I001205,O00482,P0022,5,6646.3,25.15
I001206,O00482,P0330,1,34622.41,3.52
I001207,O00482,P0392,2,21769.91,20.18
I001208,O00482,P0463,5,25425.39,11.81
I001209,O00483,P0178,4,51163.54,17.2
I001210,O00484,P0482,4,48827.01,18.84
I001211,O00485,P0343,1,13119.16,5.42
I001212,O00485,P0323,3,6108.49,27.62
I001213,O00485,P0411,1,43797.63,25.48
I001214,O00485,P0130,3,49138.43,10.32
I001215,O00486,P0142,4,47065.85,9.74
I001216,O00486,P0358,3,46162.95,4.82
I001217,O00487,P0380,4,45248.49,23.43
I001218,O00487,P0089,4,51427.45,10.01
I001219,O00487,P0316,5,44443.59,25.09
I001220,O00488,P0163,3,6257.63,21.66
I001221,O00488,P0328,4,18912.88,14.92
I001222,O00489,P0388,4,12288.52,25.68
I001223,O00489,P0249,3,20352.67,13.13
I001224,O00490,P0387,-2,57566.64,9.68
I001225,O00490,P0058,2,34994.44,27.26
I001226,O00490,P0359,5,17912.98,16.8
I001227,O00491,P0204,5,41799.04,5.96
I001228,O00491,P0047,5,54898.9,19.9
I001229,O00492,P0075,3,32063.1,11.9
I001230,O00492,P0472,4,6396.84,28.68
I001231,O00492,P0418,3,36882.52,29.12
I001232,O00493,P0116,4,49602.82,7.38
I001233,O00493,P0080,3,1776.28,6.73
I001234,O00493,P0356,2,14872.03,6.77
I001235,O00494,P0075,1,17948.23,28.94
I001236,O00494,P0440,5,29099.74,13.17
I001237,O00495,P0212,2,50904.71,17.43
I001238,O00495,P0322,5,53338.53,29.37
I001239,O00496,P0362,3,48244.88,7.91
I001240,O00496,P0190,3,54023.16,28.11
I001241,O00496,P0164,5,21553.04,28.74
I001242,O00497,P0165,2,47774.31,17.37
I001243,O00497,P0050,5,42559.56,16.06
I001244,O00498,P0414,5,13823.9,10.45
I001245,O00499,P0239,3,34540.7,1.6
I001246,O00499,P0317,4,29928.55,13.09
I001247,O00500,P0012,5,27018.4,19.51
I001248,O00500,P0459,3,28702.26,21.19
I001249,O00501,P0350,3,4111.68,21.57
I001250,O00502,P0486,1,42874.01,14.72
I001251,O00502,P0361,2,59175.15,6.46
I001252,O00502,P0232,3,32396.06,20.24
I001253,O00503,P0120,5,47945.3,15.24
I001254,O00503,P0209,-2,46024.75,29.41
I001255,O00503,P0301,3,51791.5,29.13
I001256,O00504,P0365,3,35329.37,23.24
I001257,O00505,P0315,1,31880.36,21.91
I001258,O00506,P0128,5,46469.31,29.69
I001259,O00506,P0428,2,1963.36,27.86
I001260,O00507,P0170,1,5830.85,12.11
I001261,O00508,P0413,4,23001.18,14.23
I001262,O00508,P0434,3,11142.78,9.34
I001263,O00508,P0091,4,52768.06,14.99
I001264,O00508,P0095,3,24205.38,6.8
I001265,O00509,P0174,4,45158.56,15.72
I001266,O00510,P0451,5,3841.87,16.71
I001267,O00511,P0049,2,303.39,29.55
I001268,O00511,P0007,1,19746.21,9.19
I001269,O00511,P0410,5,33889.21,25.78
I001270,O00512,P0097,5,29992.44,16.06
I001271,O00512,P0500,3,5998.55,20.5
I001272,O00513,P0308,3,34524.3,26.74
I001273,O00513,P0362,2,30538.26,24.43
I001274,O00514,P0016,5,2518.7,16.13
I001275,O00514,P0491,1,48470.85,9.35
I001276,O00514,P0150,1,21073.43,5.41
I001277,O00514,P0266,2,54033.79,14.93
I001278,O00515,P0314,3,56281.53,27.86
I001279,O00515,P0281,4,47086.95,28.32
I001280,O00516,P0174,2,22068.47,7.18
I001281,O00517,P0097,4,2687.11,1.76
I001282,O00517,P0472,4,48692.26,27.29
I001283,O00517,P0363,5,6107.07,15.6
I001284,O00517,P0340,3,54729.65,16.89
I001285,O00518,P0388,5,38663.27,8.48
I001286,O00518,P0070,4,45858.65,8.79
I001287,O00518,P0321,4,24373.44,11.31
I001288,O00518,P0252,1,29576.12,9.65
I001289,O00519,P0313,4,18492.68,29.77
I001290,O00519,P0395,3,46296.4,20.97
I001291,O00519,P0271,1,11447.12,2.68
I001292,O00519,P0457,5,44921.51,17.14
I001293,O00520,P0329,3,44407.57,16.03
I001294,O00520,P0025,3,23217.1,10.55
I001295,O00521,P0422,4,44364.7,15.72
I001296,O00522,P0261,3,40931.78,1.34
I001297,O00522,P0110,1,27542.58,5.57
I001298,O00523,P0365,3,4563.22,6.11
I001299,O00523,P0106,5,38497.18,0.47
I001300,O00524,P0106,1,55473.87,0.14
I001301,O00524,P0124,3,59067.24,29.61
I001302,O00524,P0424,2,22432.67,25.13
I001303,O00524,P0023,2,8671.83,7.39
I001304,O00525,P0452,4,40887.66,21.31
I001305,O00525,P0462,3,12451.6,26.36
I001306,O00525,P0378,3,24670.36,0.31
I001307,O00526,P0194,3,50589.53,5.68
I001308,O00526,P0399,4,15354.84,0.31
I001309,O00526,P0355,4,2699.6,23.01
I001310,O00526,P0066,2,4417.36,3.43
I001311,O00527,P0462,4,4176.72,16.11
I001312,O00527,P0086,3,57327.97,21.45
I001313,O00528,P0146,5,17329.05,25.67
I001314,O00528,P0134,1,45707.16,11.85
I001315,O00528,P0454,2,57022.5,16.64
I001316,O00528,P0255,2,7801.48,29.87
I001317,O00529,P0246,1,6862.12,1.14
I001318,O00529,P0199,2,5199.76,20.81
I001319,O00529,P0035,-2,26269.73,11.13
I001320,O00529,P0379,2,26633.02,23.07
I001321,O00530,P0394,2,43549.63,1.31
I001322,O00530,P0008,2,20612.58,28.51
I001323,O00531,P0180,4,12198.83,19.32
I001324,O00531,P0201,4,9355.23,8.75
I001325,O00532,P0116,2,37707.37,10.08
I001326,O00533,P0013,4,4349.1,7.37
I001327,O00533,P0271,3,33499.82,4.3
I001328,O00533,P0494,3,3591.45,20.54
I001329,O00533,P0210,5,32149.57,18.56
I001330,O00534,P0371,3,22348.25,4.3
I001331,O00534,P0054,2,552.92,0.1
I001332,O00535,P0417,4,46167.99,3.59
I001333,O00536,P0391,1,33905.6,2.22
I001334,O00536,P0333,4,56245.21,19.34
I001335,O00537,P0352,5,23328.67,27.31
I001336,O00537,P0122,4,36833.99,10.35
I001337,O00537,P0326,4,28851.92,26.96
I001338,O00538,P0275,3,13585.62,8.61
I001339,O00538,P0375,2,57789.77,11.65
I001340,O00538,P0132,2,22211.07,0.63
I001341,O00538,P0413,3,8810.23,13.8
I001342,O00539,P0206,2,50440.09,10.59
I001343,O00539,P0483,4,25384.21,12.53
I001344,O00540,P0228,4,27918.33,10.13
I001345,O00540,P0341,4,8160.26,15.9
I001346,O00540,P0126,2,42812.87,17.05
I001347,O00540,P0486,5,21932.21,13.9
I001348,O00541,P0192,3,12968.12,4.24
I001349,O00541,P0056,5,39203.8,9.01
I001350,O00541,P0427,5,24844.65,5.98
I001351,O00541,P0173,5,53417.49,19.79
I001352,O00542,P0093,4,1625.36,6.19
I001353,O00542,P0291,2,16544.53,22.38
I001354,O00542,P0289,2,38546.04,17.25
I001355,O00542,P0411,2,9210.86,9.49
I001356,O00543,P0445,2,45804.69,14.6
I001357,O00543,P0313,5,31929.17,18.84
I001358,O00544,P0347,1,47260.34,2.57
I001359,O00545,P0472,1,20024.22,2.7
I001360,O00546,P0104,2,57485.8,9.23
I001361,O00546,P0034,3,37469.25,9.47
I001362,O00546,P0464,4,28610.22,21.11
I001363,O00547,P0156,1,48179.69,4.79
I001364,O00547,P0451,2,9962.75,3.55
I001365,O00547,P0467,5,24698.86,16.85
I001366,O00548,P0359,3,41459.83,27.11
I001367,O00548,P0500,1,39899.37,4.4
I001368,O00548,P0228,1,45389.28,4.07
I001369,O00548,P0196,4,22886.31,5.11
I001370,O00549,P0301,3,55870.34,17.55
I001371,O00550,P0230,1,58223.74,28.4
I001372,O00550,P0291,3,53159.11,29.63
I001373,O00551,P0036,2,8269.62,9.0
I001374,O00551,P0202,2,6836.11,28.05
I001375,O00551,P0492,2,57702.19,9.62
I001376,O00552,P0182,5,59017.54,14.84
I001377,O00553,P0087,3,51104.92,5.76
I001378,O00553,P0144,5,54275.94,0.7
I001379,O00553,P0164,2,3310.26,7.16
I001380,O00553,P0157,3,27046.08,12.99
I001381,O00554,P0140,4,39632.75,9.99
I001382,O00555,P0067,5,838.54,17.21
I001383,O00556,P0195,2,54291.18,11.4
I001384,O00556,P0019,3,41871.99,10.07
I001385,O00556,P0412,5,51246.87,23.52
I001386,O00557,P0363,3,8113.94,10.39
I001387,O00557,P0134,5,11735.63,8.45
I001388,O00557,P0043,4,55142.81,2.54
I001389,O00557,P0342,3,51716.45,26.87
I001390,O00558,P0416,2,48412.35,3.21
I001391,O00559,P0091,3,4084.56,17.16
I001392,O00560,P0399,1,51848.69,0.29
I001393,O00560,P0007,3,52235.54,18.52
I001394,O00561,P0299,4,37933.97,9.93
I001395,O00561,P0341,1,36831.4,1.68
I001396,O00562,P0103,1,11297.37,21.55
I001397,O00562,P0047,1,26091.57,20.57
I001398,O00563,P0026,1,23336.68,18.76
I001399,O00563,P0099,4,49089.55,21.25
I001400,O00564,P0310,2,28258.79,21.95
I001401,O00564,P0304,1,26662.48,15.23
I001402,O00564,P0041,2,58456.58,7.9
I001403,O00564,P0450,5,34610.96,5.68
I001404,O00565,P0360,1,11454.27,25.46
I001405,O00566,P0084,4,38190.76,17.77
I001406,O00566,P0308,4,30497.94,8.56
I001407,O00567,P0129,3,44179.5,15.92
I001408,O00567,P0336,3,17030.66,4.84
I001409,O00567,P0032,1,29736.6,27.08
I001410,O00567,P0031,-5,45387.88,12.9
I001411,O00568,P0007,1,19240.2,23.14
I001412,O00568,P0469,3,41944.94,18.17
I001413,O00568,P0492,1,34238.23,21.81
I001414,O00568,P0164,4,21615.13,24.33
I001415,O00569,P0256,3,45852.07,9.4
I001416,O00569,P0382,2,13841.08,5.12
I001417,O00569,P0354,3,24702.0,26.4
I001418,O00570,P0473,4,27924.71,26.97
I001419,O00570,P0232,2,8696.56,22.52
I001420,O00570,P0215,1,52427.03,23.65
I001421,O00571,P0446,2,24085.21,0.42
I001422,O00571,P0406,2,9232.11,28.38
I001423,O00571,P0112,1,1180.08,14.17
I001424,O00571,P0139,3,12025.84,14.92
I001425,O00572,P0156,5,16804.64,5.7
I001426,O00572,P0311,4,26084.8,28.42
I001427,O00573,P0250,1,21331.49,3.18
I001428,O00573,P0488,3,42420.24,18.23
I001429,O00574,P0121,5,56611.61,24.11
I001430,O00574,P0214,4,975.46,9.24
I001431,O00575,P0174,3,41106.64,12.87
I001432,O00575,P0063,5,7939.8,8.46
I001433,O00576,P0414,2,22300.14,29.11
I001434,O00576,P0033,1,26935.28,12.51
I001435,O00576,P0108,3,41359.25,27.3
I001436,O00577,P0325,4,47251.01,16.65
I001437,O00577,P0296,3,41960.11,27.06
I001438,O00577,P0495,3,46939.39,17.17
I001439,O00578,P0363,5,36641.35,24.4
I001440,O00578,P0128,4,33885.22,26.72
I001441,O00579,P0262,1,23171.77,4.45
I001442,O00579,P0165,1,31848.29,13.88
I001443,O00579,P0462,3,4202.14,11.69
I001444,O00580,P0406,3,42772.08,10.91
I001445,O00580,P0399,1,28530.07,6.7
I001446,O00581,P0168,3,49525.24,14.48
I001447,O00582,P0402,3,57408.72,14.54
I001448,O00582,P0161,5,53016.17,6.0
I001449,O00583,P0491,5,36383.87,8.87
I001450,O00583,P0032,2,31505.43,15.12
I001451,O00584,P0405,4,25494.88,24.56
I001452,O00584,P0006,3,15807.08,4.32
I001453,O00585,P0015,4,4906.84,13.95
I001454,O00586,P0229,4,33404.81,17.82
I001455,O00586,P0389,3,6643.14,8.21
I001456,O00587,P0102,5,27309.34,4.89
I001457,O00587,P0066,3,57375.11,3.72
I001458,O00587,P0445,3,33243.99,11.06
I001459,O00588,P0426,4,33097.6,18.87
I001460,O00588,P0331,3,23853.15,9.8
I001461,O00588,P0429,1,38688.53,9.72
I001462,O00589,P0453,5,3540.38,21.52
I001463,O00590,P0255,1,55631.53,4.2
I001464,O00590,P0053,5,9970.23,21.42
I001465,O00591,P0387,3,58344.7,10.14
I001466,O00592,P0176,1,29648.85,16.35
I001467,O00592,P0269,4,38580.76,11.88
I001468,O00592,P0080,5,49406.19,24.43
I001469,O00592,P0230,2,7091.9,27.34
I001470,O00593,P0117,2,3579.55,20.51
I001471,O00593,P0013,1,38645.57,20.92
I001472,O00593,P0246,1,2722.12,22.76
I001473,O00594,P0489,2,30134.92,9.69
I001474,O00594,P0388,4,1351.49,22.97
I001475,O00595,P0013,4,33091.86,1.2
I001476,O00595,P0302,-1,12688.43,17.48
I001477,O00595,P0004,3,42169.09,17.45
I001478,O00595,P0189,5,53935.02,4.93
I001479,O00596,P0078,5,639.53,18.83
I001480,O00596,P0319,3,16085.67,11.23
I001481,O00597,P0082,2,45299.45,7.69
I001482,O00597,P0101,-3,53896.1,11.78
I001483,O00597,P0334,3,27208.66,13.37
I001484,O00597,P0496,5,46247.0,6.14
I001485,O00598,P0022,4,48317.22,22.28
I001486,O00599,P0103,5,44195.01,8.96
I001487,O00599,P0354,2,53221.8,24.54
I001488,O00600,P0238,1,38940.24,6.89
I001489,O00600,P0456,3,13165.0,0.71
I001490,O00600,P0007,2,49809.31,25.81
I001491,O00601,P0256,4,43254.16,13.74
I001492,O00601,P0201,5,45280.75,27.62
I001493,O00602,P0288,5,17263.48,29.6
I001494,O00602,P0439,2,4844.91,3.22
I001495,O00602,P0001,1,37232.75,25.71
I001496,O00602,P0485,3,55823.53,9.1
I001497,O00603,P0374,5,57680.26,2.92
I001498,O00603,P0189,2,38817.17,29.13
I001499,O00603,P0380,3,4750.75,12.52
I001500,O00603,P0012,3,46272.53,26.96
I001501,O00604,P0073,3,27524.27,27.97
I001502,O00604,P0410,2,7395.44,19.1
I001503,O00604,P0488,1,52841.38,27.96
I001504,O00605,P0008,1,5348.5,7.04
I001505,O00605,P0446,5,41756.13,8.19
I001506,O00606,P0360,5,28887.55,21.94
I001507,O00607,P0111,1,23972.83,11.32
I001508,O00607,P0020,4,26062.75,13.97
I001509,O00608,P0499,1,34690.29,1.32
I001510,O00608,P0033,3,42652.12,21.57
I001511,O00609,P0411,3,1659.89,8.16
I001512,O00609,P0447,2,14242.15,13.44
I001513,O00610,P0333,1,52436.55,25.06
I001514,O00611,P0287,4,47559.43,21.47
I001515,O00611,P0381,1,17333.72,2.65
I001516,O00611,P0189,4,49278.71,16.34
I001517,O00611,P0192,3,43626.68,16.22
I001518,O00612,P0377,3,24538.7,17.41
I001519,O00612,P0191,4,59014.06,23.02
I001520,O00612,P0076,4,40607.5,12.23
I001521,O00613,P0045,5,15341.38,4.13
I001522,O00613,P0474,3,38798.76,13.52
I001523,O00613,P0277,2,53406.51,10.3
I001524,O00613,P0471,2,36007.79,16.21
I001525,O00614,P0436,5,8543.37,24.49
I001526,O00614,P0106,4,5088.26,12.57
I001527,O00615,P0257,5,2710.31,3.11
I001528,O00616,P0131,5,39945.29,4.94
I001529,O00617,P0351,3,29452.96,9.76
I001530,O00617,P0429,3,32997.35,11.85
I001531,O00618,P0113,5,21197.83,12.24
I001532,O00618,P0385,1,13703.73,19.32
I001533,O00618,P0080,2,43028.87,26.8
I001534,O00618,P0497,5,48036.13,14.86
I001535,O00619,P0356,3,14661.63,12.18
I001536,O00620,P0278,1,57102.72,5.73
I001537,O00620,P0009,-1,17887.89,6.21
I001538,O00621,P0035,3,27265.44,3.57
I001539,O00622,P0339,4,831.99,17.93
I001540,O00622,P0176,4,22619.97,9.11
I001541,O00622,P0318,5,55189.43,19.06
I001542,O00623,P0348,4,58625.4,15.0
I001543,O00624,P0016,3,42097.76,25.84
I001544,O00624,P0197,5,46233.29,12.68
I001545,O00624,P0301,5,52862.02,28.47
I001546,O00625,P0014,4,2512.56,14.62
I001547,O00625,P0464,1,28597.33,16.31
I001548,O00625,P0043,2,43511.86,21.47
I001549,O00625,P0473,1,27390.23,22.47
I001550,O00626,P0310,4,2253.66,9.29
I001551,O00626,P0398,4,13150.01,12.32
I001552,O00627,P0351,2,35687.06,20.26
I001553,O00628,P0479,5,26776.91,15.06
I001554,O00629,P0141,-5,23413.05,27.75
I001555,O00629,P0335,1,15341.62,3.53
I001556,O00629,P0265,4,10600.34,13.55
I001557,O00629,P0438,2,2581.03,18.03
I001558,O00630,P0057,2,58120.17,2.3
I001559,O00630,P0247,4,15092.75,11.62
I001560,O00630,P0382,-2,46393.27,1.32
I001561,O00630,P0094,2,20536.21,20.49
I001562,O00631,P0118,4,48543.43,28.44
I001563,O00631,P0060,1,10033.11,3.96
I001564,O00631,P0485,5,33853.69,13.14
I001565,O00631,P0188,4,1428.15,15.76
I001566,O00632,P0326,5,6558.42,14.21
I001567,O00632,P0143,4,33525.44,12.67
I001568,O00632,P0034,1,15913.98,28.46
I001569,O00633,P0244,4,30525.39,7.3
I001570,O00633,P0476,2,7436.45,4.86
I001571,O00633,P0293,2,39945.53,13.38
I001572,O00634,P0286,3,28777.21,29.13
I001573,O00634,P0337,2,35010.81,3.48
I001574,O00634,P0021,2,12306.35,9.01
I001575,O00635,P0006,3,3787.64,23.64
I001576,O00635,P0058,5,40021.49,17.57
I001577,O00635,P0005,3,52847.0,4.11
I001578,O00635,P0472,2,51663.02,24.04
I001579,O00636,P0340,4,28800.87,6.42
I001580,O00636,P0089,4,33271.35,18.81
I001581,O00637,P0075,2,51499.17,4.36
I001582,O00638,P0245,5,59394.04,2.18
I001583,O00639,P0127,4,50418.3,10.85
I001584,O00639,P0116,3,24502.21,22.57
I001585,O00640,P0446,3,46881.79,0.83
I001586,O00641,P0201,4,36464.9,26.01
I001587,O00641,P0384,2,28866.07,28.48
I001588,O00641,P0261,4,38833.25,22.66
I001589,O00642,P0124,5,31371.26,14.91
I001590,O00642,P0039,4,36069.34,12.52
I001591,O00643,P0361,2,46420.5,1.2
I001592,O00644,P0202,3,27977.52,24.2
I001593,O00644,P0470,3,18349.11,16.06
I001594,O00644,P0168,3,51351.66,14.1
I001595,O00645,P0198,-5,41775.92,27.7
I001596,O00645,P0310,-5,39728.33,17.22
I001597,O00645,P0241,3,5641.06,14.69
I001598,O00645,P0176,5,31116.46,18.94
I001599,O00646,P0323,3,56062.82,26.24
I001600,O00646,P0305,5,13824.97,27.8
I001601,O00646,P0166,2,34047.69,10.46
I001602,O00647,P0099,3,31156.77,12.35
I001603,O00647,P0136,5,25546.12,19.77
I001604,O00647,P0394,5,53454.91,4.18
I001605,O00648,P0098,3,42814.74,16.59
I001606,O00648,P0105,4,34988.59,5.2
I001607,O00648,P0371,3,38388.0,6.17
I001608,O00649,P0094,4,22624.92,11.75
I001609,O00649,P0368,3,55962.54,13.77
I001610,O00649,P0175,2,15432.6,2.16
I001611,O00650,P0495,4,48824.25,29.52
I001612,O00651,P0035,2,48757.07,7.64
I001613,O00652,P0233,5,35098.3,8.31
I001614,O00652,P0291,4,12111.56,1.53
I001615,O00652,P0219,4,35797.25,14.29
I001616,O00652,P0199,3,7342.8,5.43
I001617,O00653,P0390,1,2653.87,2.11
I001618,O00653,P0056,5,32206.31,3.82
I001619,O00653,P0050,4,12452.59,26.74
I001620,O00654,P0006,1,20388.83,18.73
I001621,O00655,P0146,4,14592.68,6.61
I001622,O00655,P0310,5,45153.25,27.84
I001623,O00655,P0182,2,9271.83,16.61
I001624,O00656,P0391,2,10476.17,28.99
I001625,O00656,P0197,2,32594.33,0.52
I001626,O00656,P0083,1,34360.17,18.42
I001627,O00657,P0415,4,7648.88,7.39
I001628,O00657,P0209,2,14673.07,18.29
I001629,O00657,P0457,2,55074.01,8.38
I001630,O00658,P0123,3,26224.56,25.83
I001631,O00659,P0229,2,14084.41,25.42
I001632,O00659,P0210,4,26663.15,22.17
I001633,O00659,P0197,5,45091.51,0.69
I001634,O00659,P0392,3,12466.7,20.2
I001635,O00660,P0405,5,20668.87,0.62
I001636,O00660,P0260,5,23396.46,13.27
I001637,O00660,P0106,3,8842.04,2.32
I001638,O00660,P0429,4,10269.22,12.12
I001639,O00661,P0161,3,24425.12,7.46
I001640,O00661,P0149,2,22890.75,26.33
I001641,O00662,P0352,5,14795.56,20.93
I001642,O00663,P0366,1,23454.42,10.36
I001643,O00663,P0196,1,29559.26,21.73
I001644,O00663,P0466,4,5549.76,7.65
I001645,O00663,P0118,3,22122.37,29.91
I001646,O00664,P0081,2,13304.38,17.56
I001647,O00664,P0265,5,31950.01,5.87
I001648,O00664,P0019,4,22001.4,22.82
I001649,O00664,P0047,2,5724.13,20.86
I001650,O00665,P0129,1,31610.18,7.65
I001651,O00666,P0151,2,51538.32,8.36
I001652,O00666,P0469,2,13899.5,9.35
I001653,O00667,P0119,1,37332.49,17.18
I001654,O00668,P0148,5,28320.85,12.7
I001655,O00668,P0086,2,1227.47,28.84
I001656,O00669,P0035,1,16288.84,23.49
I001657,O00670,P0399,4,33295.63,11.07
I001658,O00671,P0079,5,55942.58,7.37
I001659,O00671,P0005,3,51353.36,22.99
I001660,O00672,P0257,5,53711.32,11.81
I001661,O00673,P0025,-4,9523.38,3.97
I001662,O00673,P0442,5,50089.94,17.22
I001663,O00674,P0237,2,27405.66,21.31
I001664,O00674,P0366,2,9892.8,18.18
I001665,O00674,P0022,1,58974.81,4.08
I001666,O00675,P0236,5,47970.52,20.33
I001667,O00675,P0203,5,32579.84,12.12
I001668,O00675,P0269,4,57733.87,28.3
I001669,O00676,P0403,5,34732.82,25.13
I001670,O00676,P0208,3,31503.53,12.23
I001671,O00676,P0258,4,7749.14,1.09
I001672,O00677,P0308,3,50548.37,3.47
I001673,O00678,P0196,4,18111.17,0.72
I001674,O00678,P0250,2,45068.62,6.47
I001675,O00678,P0397,2,27106.44,17.71
I001676,O00678,P0389,2,39014.46,9.06
I001677,O00679,P0073,1,54050.11,27.11
I001678,O00679,P0130,4,24074.5,21.39
I001679,O00680,P0452,2,27905.3,12.47
I001680,O00680,P0027,2,56873.98,26.91
I001681,O00680,P0473,-1,17866.0,1.59
I001682,O00681,P0466,4,53245.38,26.16
I001683,O00681,P0040,5,17778.27,24.63
I001684,O00681,P0283,4,2623.36,29.44
I001685,O00681,P0434,4,4251.79,9.94
I001686,O00682,P0473,5,10123.53,29.76
I001687,O00682,P0075,5,16322.59,0.74
I001688,O00682,P0112,5,22401.73,13.45
I001689,O00683,P0409,5,27725.4,18.65
I001690,O00683,P0146,3,3244.8,15.51
I001691,O00683,P0064,4,45557.85,13.0
I001692,O00684,P0342,5,43774.13,16.99
I001693,O00685,P0496,2,55990.27,11.34
I001694,O00686,P0375,3,8808.3,22.86
I001695,O00686,P0101,1,37089.09,8.27
I001696,O00686,P0113,1,2832.0,0.36
I001697,O00686,P0069,2,25218.88,5.81
I001698,O00687,P0219,5,34177.57,29.71
I001699,O00687,P0108,1,59463.38,4.9
I001700,O00688,P0136,4,47263.33,6.57
I001701,O00689,P0474,4,7031.37,20.08
I001702,O00689,P0416,3,37084.54,29.38
I001703,O00690,P0490,3,34707.2,16.44
I001704,O00690,P0462,3,37965.17,9.8
I001705,O00690,P0080,5,31298.89,8.37
I001706,O00690,P0305,2,13726.69,0.67
I001707,O00691,P0140,3,56408.41,9.02
I001708,O00691,P0499,4,3266.94,17.75
I001709,O00691,P0411,3,6568.51,4.44
I001710,O00691,P0115,2,52868.62,7.46
I001711,O00692,P0475,1,41903.43,15.18
I001712,O00692,P0212,4,25273.63,9.94
I001713,O00693,P0125,2,37458.88,28.45
I001714,O00694,P0397,3,55582.25,1.71
I001715,O00695,P0418,4,9411.95,14.2
I001716,O00695,P0016,-3,56268.12,3.55
I001717,O00695,P0121,4,52770.53,14.76
I001718,O00695,P0491,4,35387.71,12.16
I001719,O00696,P0147,2,36712.25,4.95
I001720,O00696,P0082,5,19763.15,11.31
I001721,O00697,P0052,1,5122.15,22.12
I001722,O00698,P0277,4,29660.38,2.77
I001723,O00698,P0497,2,59511.87,0.06
I001724,O00699,P0017,2,17627.1,25.31
I001725,O00699,P0348,3,40030.28,2.63
I001726,O00700,P0458,3,19942.48,1.17
I001727,O00700,P0299,1,59293.44,18.43
I001728,O00701,P0405,2,53843.96,24.73
I001729,O00701,P0252,1,16186.35,8.74
I001730,O00702,P0426,5,17209.8,1.95
I001731,O00703,P0081,5,5947.99,18.19
I001732,O00703,P0353,3,2115.62,25.56
I001733,O00703,P0341,2,41755.54,24.31
I001734,O00704,P0488,5,18522.65,19.6
I001735,O00704,P0418,4,25194.58,27.91
I001736,O00704,P0407,3,40042.07,6.32
I001737,O00705,P0077,2,2400.5,1.76
I001738,O00705,P0449,1,9031.26,29.95
I001739,O00705,P0065,2,43421.63,8.47
I001740,O00705,P0171,3,34840.36,21.56
I001741,O00706,P0210,1,55806.42,20.05
I001742,O00706,P0344,5,43816.95,9.08
I001743,O00706,P0364,2,53756.26,19.69
I001744,O00706,P0187,2,23569.5,10.35
I001745,O00707,P0017,3,23495.63,24.38
I001746,O00708,P0338,4,47066.74,25.88
I001747,O00708,P0231,2,48983.72,22.36
I001748,O00708,P0363,4,39572.61,28.74
I001749,O00708,P0385,5,52114.41,5.52
I001750,O00709,P0489,3,25064.9,14.61
I001751,O00709,P0172,-2,2713.12,4.21
I001752,O00710,P0491,3,54456.95,21.62
I001753,O00710,P0214,1,46297.42,18.95
I001754,O00710,P0365,3,48052.48,11.19
I001755,O00710,P0002,1,29071.34,24.73
I001756,O00711,P0109,2,20084.57,19.76
I001757,O00711,P0378,5,16552.07,11.72
I001758,O00712,P0223,-1,27406.16,21.57
I001759,O00712,P0281,3,32419.78,22.67
I001760,O00713,P0146,3,1271.31,17.68
I001761,O00714,P0243,4,55757.09,27.42
I001762,O00715,P0473,3,50121.17,6.69
I001763,O00715,P0136,3,53512.49,25.56
I001764,O00716,P0343,5,15397.69,7.96
I001765,O00716,P0272,2,2624.54,28.56
I001766,O00717,P0123,4,334.57,1.43
I001767,O00717,P0039,3,32208.41,26.98
I001768,O00717,P0482,4,1177.34,26.06
I001769,O00717,P0376,3,46180.27,19.9
I001770,O00718,P0298,-2,32138.58,16.57
I001771,O00718,P0400,1,51342.99,27.77
I001772,O00718,P0200,5,43598.13,5.32
I001773,O00718,P0336,2,1049.84,12.89
I001774,O00719,P0332,2,56805.4,0.62
I001775,O00719,P0067,3,10307.55,8.77
I001776,O00719,P0132,4,9879.32,12.79
I001777,O00720,P0186,1,45952.54,8.66
I001778,O00720,P0278,5,38413.55,2.29
I001779,O00721,P0448,1,51211.21,0.1
I001780,O00721,P0123,1,46764.16,23.83
I001781,O00722,P0495,2,6979.57,13.54
I001782,O00722,P0063,5,46006.79,23.39
I001783,O00722,P0239,5,7501.43,20.04
I001784,O00723,P0403,1,21504.29,2.76
I001785,O00723,P0091,4,48434.79,16.36
I001786,O00723,P0129,1,54673.01,18.61
I001787,O00724,P0033,2,8919.61,4.81
I001788,O00725,P0246,3,1981.39,25.61
I001789,O00725,P0406,4,6393.45,15.37
I001790,O00726,P0109,2,11570.59,19.12
I001791,O00726,P0397,5,44914.51,2.01
I001792,O00726,P0382,2,50103.77,28.01
I001793,O00726,P0400,4,33535.97,13.74
I001794,O00727,P0329,3,12106.96,1.26
I001795,O00727,P0232,2,422.56,10.66
I001796,O00727,P0341,3,38993.27,12.47
I001797,O00728,P0497,3,51748.01,2.56
I001798,O00729,P0305,5,33772.45,3.49
I001799,O00730,P0243,4,33304.39,16.55
I001800,O00730,P0390,3,7361.23,24.32
I001801,O00731,P0126,3,32317.48,12.77
I001802,O00731,P0020,1,3483.8,9.01
I001803,O00731,P0494,2,41815.23,24.47
I001804,O00732,P0144,3,51014.27,29.44
I001805,O00732,P0500,5,21954.36,14.95
I001806,O00733,P0209,1,1763.64,8.55
I001807,O00733,P0095,1,52196.39,27.94
I001808,O00733,P0309,-5,51123.88,10.88
I001809,O00734,P0500,3,46126.33,9.55
I001810,O00735,P0094,5,12896.17,24.01
I001811,O00736,P0026,3,18827.01,22.82
I001812,O00736,P0387,5,54795.8,2.39
I001813,O00737,P0465,5,39542.4,3.01
I001814,O00737,P0207,1,18851.15,26.34
I001815,O00737,P0048,3,16289.08,1.56
I001816,O00738,P0049,5,439.77,26.74
I001817,O00739,P0241,3,24478.12,3.21
I001818,O00740,P0303,5,53722.47,7.43
I001819,O00740,P0172,2,11270.73,27.54
I001820,O00741,P0323,1,28324.88,21.86
I001821,O00742,P0087,5,14467.47,12.24
I001822,O00742,P0349,5,52529.35,17.3
I001823,O00743,P0253,5,14427.12,12.89
I001824,O00743,P0314,4,11709.81,15.83
I001825,O00744,P0070,4,58428.55,12.35
I001826,O00744,P0297,3,16307.74,18.49
I001827,O00744,P0456,-1,42472.88,7.65
I001828,O00745,P0001,1,24451.59,5.73
I001829,O00745,P0130,2,34681.64,24.43
I001830,O00745,P0298,1,58037.03,7.46
I001831,O00745,P0365,1,14005.17,7.5
I001832,O00746,P0375,1,41107.28,3.99
I001833,O00747,P0142,1,34559.57,19.56
I001834,O00747,P0368,1,49832.25,0.41
I001835,O00748,P0175,2,26935.06,4.41
I001836,O00749,P0445,3,19641.67,12.33
I001837,O00750,P0228,2,51493.82,4.38
I001838,O00750,P0200,3,11442.44,19.98
I001839,O00750,P0485,2,29496.82,28.47
I001840,O00751,P0026,3,382.83,13.91
I001841,O00751,P0032,1,44949.79,15.73
I001842,O00751,P0105,4,6802.91,8.62
I001843,O00751,P0146,3,10788.19,23.07
I001844,O00752,P0403,5,4104.64,13.63
I001845,O00752,P0156,2,27070.72,20.65
I001846,O00752,P0142,4,57817.79,8.09
I001847,O00752,P0246,2,26400.13,4.0
I001848,O00753,P0331,4,23197.98,29.59
I001849,O00753,P0283,5,38584.93,4.34
I001850,O00754,P0370,3,31417.29,20.7
I001851,O00754,P0140,5,48007.79,22.39
I001852,O00754,P0011,1,34115.92,26.54
I001853,O00755,P0461,3,15275.51,7.33
I001854,O00755,P0491,5,51379.84,17.23
I001855,O00756,P0322,4,58651.61,0.1
I001856,O00756,P0491,1,19777.13,20.69
I001857,O00757,P0291,3,287.34,5.8
I001858,O00757,P0056,3,43308.67,12.75
I001859,O00757,P0357,3,35254.3,18.87
I001860,O00757,P0343,5,33999.9,10.71
I001861,O00758,P0242,5,11936.87,7.35
I001862,O00758,P0024,3,21541.46,22.77
I001863,O00758,P0273,3,29690.4,12.92
I001864,O00758,P0288,1,41445.81,3.1
I001865,O00759,P0119,4,52019.78,6.15
I001866,O00759,P0212,5,59758.17,2.18
I001867,O00760,P0368,-2,13399.78,6.44
I001868,O00760,P0190,1,2389.63,0.35
I001869,O00760,P0301,4,7392.59,8.41
I001870,O00760,P0302,4,53607.54,2.8
I001871,O00761,P0314,1,5791.91,7.51
I001872,O00761,P0307,5,44835.78,28.15
I001873,O00762,P0023,4,41402.0,16.23
I001874,O00762,P0337,1,55588.45,14.69
I001875,O00763,P0408,4,53270.6,3.0
I001876,O00763,P0258,5,13913.89,17.27
I001877,O00764,P0219,3,56092.36,22.6
I001878,O00765,P0014,1,58846.15,17.15
I001879,O00765,P0342,3,11714.17,24.67
I001880,O00766,P0378,1,43999.93,5.88
I001881,O00766,P0108,-2,8131.16,13.83
I001882,O00767,P0116,5,8244.0,3.54
I001883,O00767,P0468,2,22125.22,22.7
I001884,O00767,P0390,3,50117.83,12.95
I001885,O00767,P0353,1,50050.46,4.77
I001886,O00768,P0004,2,22597.23,15.99
I001887,O00768,P0351,4,6689.76,22.93
I001888,O00768,P0109,1,9393.63,3.25
I001889,O00768,P0118,2,16115.18,15.61
I001890,O00769,P0454,4,9612.35,29.92
I001891,O00769,P0273,5,13092.14,13.47
I001892,O00769,P0089,5,50234.06,13.35
I001893,O00770,P0134,5,13006.0,22.0
I001894,O00770,P0396,-1,11936.93,8.87
I001895,O00770,P0396,5,27999.13,2.73
I001896,O00771,P0408,2,54069.69,6.89
I001897,O00772,P0287,4,23797.5,19.49
I001898,O00773,P0028,5,10951.6,26.27
I001899,O00773,P0410,2,14580.88,1.52
I001900,O00774,P0124,5,33226.18,10.17
I001901,O00775,P0133,3,20058.14,4.09
I001902,O00776,P0023,4,29532.4,25.14
I001903,O00776,P0072,2,41986.78,2.68
I001904,O00777,P0320,4,4471.83,21.63
I001905,O00777,P0280,1,44316.92,9.66
I001906,O00778,P0349,3,59566.56,10.13
I001907,O00778,P0017,1,46846.84,23.26
I001908,O00779,P0442,1,5201.3,4.95
I001909,O00780,P0043,2,28950.64,24.16
I001910,O00781,P0402,5,38923.35,1.72
I001911,O00781,P0323,5,1745.31,4.49
I001912,O00781,P0181,3,22866.89,3.45
I001913,O00781,P0469,5,38807.3,22.58
I001914,O00782,P0082,1,32837.36,4.44
I001915,O00782,P0343,5,32492.8,8.62
I001916,O00782,P0268,1,9204.52,24.73
I001917,O00783,P0257,5,47340.93,9.42
I001918,O00783,P0241,1,30527.19,14.02
I001919,O00783,P0023,5,3121.42,19.86
I001920,O00784,P0194,3,38272.74,2.66
I001921,O00784,P0371,5,16649.74,4.5
I001922,O00785,P0289,1,14300.95,4.48
I001923,O00785,P0138,5,13825.12,9.65
I001924,O00785,P0339,1,22099.4,24.65
I001925,O00785,P0402,5,22644.47,1.26
I001926,O00786,P0321,4,3371.6,6.24
I001927,O00787,P0309,5,33584.09,18.54
I001928,O00787,P0403,1,46387.52,23.36
I001929,O00787,P0488,5,11249.03,1.94
I001930,O00787,P0138,1,55702.69,25.96
I001931,O00788,P0428,5,7631.01,16.67
I001932,O00788,P0271,1,15844.15,22.0
I001933,O00788,P0493,2,32939.16,14.21
I001934,O00789,P0265,2,22809.66,22.92
I001935,O00789,P0271,1,24102.58,7.27
I001936,O00790,P0073,4,37220.67,8.85
I001937,O00791,P0268,5,38782.13,20.01
I001938,O00791,P0158,4,17995.69,0.62
I001939,O00792,P0388,2,22221.74,21.76
I001940,O00792,P0271,4,12989.68,9.29
I001941,O00792,P0399,3,5113.66,26.2
I001942,O00792,P0421,4,17639.19,29.47
I001943,O00793,P0081,3,56779.27,11.21
I001944,O00793,P0149,1,11358.03,23.66
I001945,O00793,P0370,3,20527.86,20.5
I001946,O00793,P0151,2,57561.26,27.34
I001947,O00794,P0343,1,28295.96,9.23
I001948,O00795,P0442,3,30876.21,28.8
I001949,O00795,P0272,5,54993.21,0.67
I001950,O00795,P0116,1,22228.63,16.68
I001951,O00796,P0426,3,20026.76,29.17
I001952,O00796,P0239,5,49938.85,1.85
I001953,O00797,P0020,3,41272.28,1.73
I001954,O00797,P0437,3,14481.26,27.49
I001955,O00797,P0107,3,11820.87,15.79
I001956,O00798,P0453,1,23804.26,6.66
I001957,O00798,P0073,1,5585.45,21.34
I001958,O00798,P0233,5,28093.71,26.36
I001959,O00799,P0279,-1,36466.1,5.96
I001960,O00800,P0324,2,29656.35,4.04
